delivery_id,order_id,delivery_dt,is_completed_flg
1,98929,23-05-2023,False
2,51229,"03-05-2023",True
3,12295,16-04-2022,False
4,24511,"03-06-2023",True
5,22832,"03-04-2022",True
6,23597,"04-03-2020",True
7,73112,"09-10-2020",True
8,75360,14-09-2021,True
9,39252,"02-04-2023",False
10,4149,13-02-2023,False
11,13708,15-03-2023,True
12,63645,27-06-2022,False
13,81198,"04-11-2021",False
14,97899,29-05-2022,False
15,85092,29-04-2023,True
16,72941,"07-09-2021",True
17,47041,21-05-2022,True
18,83095,10-02-2021,True
19,79586,29-01-2021,False
20,91401,31-03-2022,False
21,22566,"07-07-2020",False
22,2705,11-05-2020,False
23,58783,21-01-2022,True
24,14626,"01-01-2022",False
25,19314,25-07-2022,True
26,325,"09-01-2022",True
27,13042,19-09-2020,True
28,77857,"06-09-2020",False
29,27270,12-01-2021,True
30,49863,10-06-2021,True
31,21494,29-01-2021,True
32,48879,11-07-2022,False
33,47979,"02-05-2020",False
34,55500,26-04-2021,False
35,7073,12-02-2022,False
36,36453,14-05-2022,True
37,99315,"08-10-2020",True
38,81198,"07-11-2021",False
39,52826,"03-10-2020",True
40,40985,16-01-2022,False
41,20849,15-10-2022,False
42,17514,"07-05-2022",True
43,88926,17-05-2021,True
44,1291,"09-06-2020",True
45,17909,31-03-2020,False
46,32366,24-03-2022,False
47,77466,24-12-2020,True
48,56666,"04-01-2023",True
49,59908,19-02-2022,False
50,35760,"03-06-2021",True
51,48714,11-02-2021,True
52,45040,19-05-2021,False
53,85590,22-01-2022,True
54,56413,"09-01-2021",False
55,30732,23-08-2021,False
56,74805,18-05-2020,False
57,83736,30-05-2020,True
58,63496,"09-05-2023",False
59,10144,"02-07-2022",True
60,52385,23-02-2020,True
61,85059,19-09-2020,True
62,28331,21-07-2020,False
63,85378,"08-04-2021",True
64,51586,11-06-2023,False
65,27606,14-03-2023,False
66,12783,"02-09-2022",False
67,71755,13-07-2022,False
68,9948,"02-11-2022",False
69,50747,24-04-2022,False
70,81955,14-12-2021,True
71,88699,"07-05-2020",True
72,33561,24-07-2020,False
73,96772,"01-03-2023",False
74,11779,20-06-2020,False
75,37813,24-06-2022,True
76,59804,31-08-2020,True
77,49301,13-06-2022,True
78,67402,"03-03-2023",False
79,57374,25-11-2021,True
80,21657,19-08-2020,True
81,99983,17-01-2022,True
82,26284,"03-05-2023",True
83,54988,13-03-2023,False
84,44181,11-05-2021,True
85,50675,13-10-2022,True
86,64445,28-03-2022,True
87,78128,14-06-2022,True
88,80942,26-03-2023,False
89,47241,"03-01-2022",True
90,54204,"07-06-2020",False
91,57452,20-09-2022,False
92,95544,17-10-2022,False
93,22769,22-08-2021,False
94,57239,"08-11-2021",True
95,90193,"06-11-2021",False
96,55509,17-02-2022,True
97,15291,26-12-2020,True
98,1268,21-12-2020,False
99,64236,10-10-2020,False
100,96245,"05-05-2021",False
101,27144,30-10-2021,False
102,50359,18-11-2022,False
103,51949,17-12-2020,False
104,94527,12-09-2022,True
105,80714,20-03-2020,True
106,66152,"04-10-2022",True
107,5139,17-07-2022,True
108,38135,21-04-2022,True
109,2841,"03-11-2022",False
110,7099,"07-09-2020",True
111,25318,30-09-2022,False
112,47609,17-02-2020,True
113,53509,21-06-2020,True
114,81137,"02-08-2022",False
115,91834,22-10-2022,False
116,83891,25-06-2021,False
117,40914,29-10-2022,False
118,86599,"02-05-2022",False
119,43731,19-04-2022,False
120,92720,25-03-2020,True
121,78706,14-10-2020,False
122,5728,"07-01-2021",False
123,40223,24-04-2020,False
124,87540,"08-05-2020",False
125,59908,30-01-2022,False
126,92897,18-06-2021,True
127,68019,21-10-2022,False
128,64896,27-05-2021,False
129,92211,25-03-2022,True
130,39985,15-04-2022,False
131,64211,22-06-2020,False
132,78830,"05-06-2020",True
133,82979,"05-09-2022",True
134,72552,28-09-2020,True
135,965,21-01-2023,False
136,60779,10-09-2022,False
137,49560,"07-11-2021",True
138,33942,31-10-2022,False
139,86014,"03-10-2020",False
140,75130,23-11-2021,False
141,64581,16-02-2021,True
142,5178,17-06-2020,False
143,74376,24-07-2022,True
144,72271,17-09-2021,False
145,13580,"04-06-2021",True
146,81137,11-08-2022,False
147,50365,30-04-2020,False
148,73530,27-04-2020,True
149,87268,24-12-2021,False
150,58265,23-05-2020,True
151,48644,12-05-2020,True
152,73977,20-04-2023,True
153,4833,30-12-2020,True
154,25289,24-05-2022,True
155,27561,16-08-2022,False
156,53116,12-01-2023,True
157,75084,23-01-2023,True
158,82385,30-04-2021,True
159,62106,"03-10-2020",False
160,75130,31-12-2021,False
161,62923,26-06-2022,True
162,81277,"03-02-2021",True
163,74471,"02-11-2021",True
164,44941,15-05-2020,True
165,69021,23-03-2022,False
166,26653,17-06-2020,True
167,1857,13-12-2021,False
168,18741,16-04-2020,False
169,90226,13-05-2023,False
170,22108,24-12-2020,False
171,21210,21-12-2022,False
172,44479,26-03-2022,True
173,55351,11-01-2022,True
174,25966,30-04-2020,False
175,91605,18-10-2022,True
176,34041,"06-01-2022",True
177,6716,"08-10-2020",True
178,87513,22-12-2021,True
179,91950,"09-05-2021",False
180,10382,"07-08-2021",False
181,75553,10-11-2020,True
182,7971,22-03-2020,True
183,7009,17-04-2021,True
184,64548,26-08-2022,True
185,14626,10-02-2022,False
186,72575,25-11-2022,False
187,86311,27-07-2020,True
188,28414,"04-05-2023",False
189,33549,"09-05-2023",True
190,61149,14-01-2023,False
191,98075,20-02-2023,False
192,62122,19-03-2020,False
193,94925,28-04-2022,True
194,56103,15-02-2020,False
195,699,"05-05-2021",True
196,51317,22-02-2022,False
197,42974,23-12-2020,True
198,66578,26-04-2022,False
199,67087,20-06-2022,False
200,85837,14-07-2021,False
201,51712,"05-10-2020",True
202,58831,"08-02-2022",True
203,72271,26-09-2021,True
204,93611,15-12-2020,False
205,87628,24-04-2020,True
206,60508,"09-12-2020",False
207,39736,26-04-2023,False
208,23337,"02-12-2021",True
209,9232,13-04-2023,True
210,28936,27-04-2021,False
211,36661,"04-10-2021",False
212,90700,"09-11-2021",True
213,6214,16-05-2022,False
214,10366,14-12-2020,True
215,62835,19-05-2022,False
216,64208,"02-04-2023",False
217,69731,"09-05-2023",False
218,33019,"07-10-2022",False
219,38678,"02-03-2023",False
220,40607,"09-02-2021",False
221,40465,10-05-2020,True
222,50469,13-05-2020,True
223,4145,19-11-2021,False
224,43778,"05-06-2022",False
225,84555,20-04-2022,False
226,25395,"04-04-2022",True
227,38679,22-10-2021,False
228,2006,21-04-2021,True
229,823,27-07-2022,False
230,44228,29-12-2020,True
231,86278,"04-11-2021",False
232,84581,"05-12-2022",False
233,58265,"06-05-2020",False
234,50388,13-06-2020,False
235,22173,11-02-2022,False
236,18809,"01-01-2021",True
237,25169,"09-05-2023",False
238,98133,13-02-2023,True
239,10366,"01-12-2020",True
240,88926,23-05-2021,False
241,70003,"06-04-2023",True
242,33765,"07-07-2022",False
243,69015,23-04-2021,True
244,60750,12-11-2020,True
245,4798,16-01-2021,True
246,20945,"01-07-2022",True
247,75535,10-01-2021,True
248,95704,31-07-2020,False
249,81463,11-12-2022,True
250,46026,"05-01-2022",True
251,60830,17-07-2021,True
252,54988,27-02-2023,True
253,85079,18-02-2022,True
254,34711,18-06-2022,False
255,9672,20-10-2021,False
256,87461,"09-03-2023",True
257,84310,19-02-2020,True
258,1634,30-09-2021,False
259,99662,"01-12-2022",False
260,64792,"01-02-2022",False
261,23103,"04-12-2020",False
262,4875,"02-05-2022",False
263,73488,"03-06-2021",False
264,19340,25-12-2020,True
265,40714,20-06-2023,True
266,87479,"01-08-2020",False
267,22866,18-02-2021,True
268,68704,20-02-2023,True
269,22108,19-01-2021,False
270,75172,"07-09-2020",True
271,67998,"06-06-2020",True
272,63343,21-07-2021,False
273,72763,30-11-2022,True
274,20340,10-11-2022,True
275,93034,25-09-2020,True
276,29334,28-01-2021,True
277,76033,23-02-2020,False
278,33973,"01-04-2023",False
279,51275,24-09-2020,False
280,58783,16-01-2022,False
281,47641,"04-04-2022",True
282,52657,24-06-2022,True
283,43781,24-08-2020,True
284,8979,19-11-2021,False
285,39252,"07-05-2023",False
286,93587,"04-11-2021",True
287,51541,20-01-2022,True
288,44088,"02-09-2021",True
289,61745,27-03-2023,True
290,52435,11-02-2022,False
291,74126,12-05-2021,True
292,33363,16-04-2020,True
293,18828,16-01-2022,True
294,30346,23-12-2022,False
295,59505,"06-06-2023",False
296,52460,25-02-2023,False
297,78413,"02-03-2020",False
298,38880,"01-03-2020",True
299,24212,30-03-2022,False
300,8645,"04-11-2021",True
301,65982,"09-12-2020",False
302,98162,26-12-2020,False
303,77633,21-05-2020,True
304,33816,26-01-2021,True
305,24378,"08-01-2021",True
306,33351,21-08-2022,False
307,62975,"05-09-2020",True
308,5941,17-01-2023,True
309,80351,"01-02-2023",True
310,86899,"04-07-2022",False
311,80871,18-06-2022,False
312,13599,11-05-2023,True
313,67516,25-05-2022,True
314,17306,"08-10-2022",False
315,36453,16-05-2022,False
316,22063,22-01-2021,False
317,34678,"03-01-2021",True
318,85837,24-06-2021,True
319,30974,31-08-2020,True
320,28561,24-08-2020,False
321,63592,27-08-2022,True
322,77897,12-12-2022,True
323,84667,"04-11-2021",False
324,27901,13-05-2020,True
325,38423,30-08-2020,True
326,22481,21-09-2022,False
327,89374,10-09-2022,True
328,47169,17-01-2021,False
329,87,26-04-2020,True
330,87694,"06-10-2020",False
331,48667,25-06-2022,True
332,75752,"02-08-2021",False
333,17287,19-01-2021,True
334,16290,14-11-2020,False
335,30764,26-01-2022,True
336,83891,"09-07-2021",False
337,1055,"01-08-2022",False
338,771,20-11-2022,True
339,95175,19-09-2021,True
340,46868,22-10-2021,True
341,25901,10-12-2020,True
342,25724,12-05-2021,False
343,74574,14-09-2022,False
344,39868,17-03-2023,True
345,45264,19-07-2020,False
346,30165,"02-11-2021",True
347,92255,25-06-2021,True
348,34685,"08-02-2023",False
349,33180,"01-09-2021",False
350,44626,"05-05-2023",True
351,32986,24-09-2021,True
352,50972,"09-01-2023",True
353,31910,18-09-2022,False
354,58831,17-02-2022,True
355,51949,20-12-2020,False
356,23103,16-11-2020,False
357,21387,10-02-2023,False
358,76769,11-11-2020,True
359,33566,"09-05-2023",False
360,98703,28-12-2020,True
361,87023,21-07-2022,True
362,14168,27-06-2022,True
363,65982,16-10-2020,False
364,35924,"03-03-2023",True
365,9488,23-11-2021,True
366,98382,22-04-2021,False
367,34030,23-09-2021,True
368,52878,"02-07-2022",False
369,63920,26-03-2023,False
370,94398,30-09-2021,True
371,88849,10-08-2020,True
372,97497,11-04-2023,True
373,31662,13-12-2020,False
374,82453,14-03-2021,True
375,30292,"05-10-2021",False
376,39926,"07-03-2023",True
377,50671,19-02-2023,False
378,38180,21-06-2021,False
379,38655,23-03-2021,False
380,74125,28-02-2022,False
381,82663,26-05-2021,False
382,95118,"08-11-2021",False
383,74069,"03-03-2022",False
384,56371,14-01-2023,True
385,7778,29-01-2022,False
386,59868,"04-05-2023",True
387,71166,"09-11-2021",True
388,57127,22-07-2022,False
389,49286,15-02-2021,False
390,95903,24-06-2022,False
391,89626,10-07-2022,True
392,769,"03-08-2020",False
393,38484,"07-07-2022",True
394,37552,30-03-2020,False
395,50677,"03-03-2023",True
396,34768,19-07-2021,True
397,82042,10-03-2021,False
398,27814,15-11-2022,False
399,66390,"07-06-2021",False
400,3235,11-10-2020,True
401,10149,"09-10-2020",True
402,64236,14-10-2020,True
403,88089,24-08-2022,True
404,44536,20-08-2022,True
405,88918,"01-06-2020",True
406,22507,19-11-2021,True
407,81087,30-01-2022,False
408,89120,24-05-2021,False
409,14422,11-05-2022,True
410,22327,23-09-2020,True
411,64445,11-03-2022,False
412,31517,30-01-2020,True
413,65354,24-01-2022,False
414,70691,19-07-2022,False
415,22687,22-05-2022,True
416,86685,31-08-2021,True
417,33606,12-09-2022,False
418,34711,16-07-2022,True
419,13029,"09-01-2023",True
420,87400,11-09-2020,True
421,42617,24-01-2023,True
422,58872,"05-03-2020",False
423,96999,"09-02-2020",False
424,18031,12-12-2022,True
425,55852,29-01-2021,False
426,46678,28-12-2022,False
427,14452,20-12-2022,False
428,96343,15-05-2020,False
429,70004,11-10-2020,False
430,3839,18-05-2021,True
431,33799,14-05-2020,False
432,47336,20-09-2022,True
433,59236,23-08-2020,False
434,16675,10-12-2020,True
435,8917,27-08-2022,False
436,87261,31-12-2022,False
437,59236,29-08-2020,True
438,21398,"03-12-2022",False
439,43613,27-07-2022,True
440,77857,12-07-2020,True
441,34525,20-12-2022,True
442,53267,"07-02-2022",False
443,29474,"08-06-2021",True
444,16179,"03-08-2021",False
445,78097,13-04-2021,False
446,57944,25-05-2023,False
447,18809,"04-12-2020",False
448,2702,19-11-2020,False
449,47706,22-01-2021,True
450,7513,"07-06-2020",False
451,48693,"05-06-2023",False
452,57036,21-12-2021,True
453,11422,17-12-2020,True
454,65345,11-02-2023,True
455,62961,12-03-2023,True
456,50359,13-11-2022,True
457,17638,22-11-2020,False
458,77849,"01-01-2021",False
459,43778,"05-06-2022",False
460,62123,12-03-2021,True
461,69809,18-02-2021,False
462,6715,31-12-2021,False
463,25746,"02-10-2021",True
464,55249,22-01-2021,True
465,33017,21-01-2021,True
466,87448,"07-10-2021",True
467,68704,"09-03-2023",False
468,5427,"02-03-2021",True
469,29144,19-06-2021,True
470,96899,12-10-2022,False
471,51378,"02-04-2020",False
472,66882,30-01-2021,True
473,72747,22-05-2022,True
474,7073,15-01-2022,True
475,62955,10-01-2022,True
476,4916,29-10-2022,False
477,44460,"01-01-2022",True
478,9114,12-01-2021,True
479,58378,20-04-2021,True
480,24511,"06-05-2023",True
481,5787,20-06-2020,False
482,20228,21-07-2021,True
483,18426,31-01-2020,False
484,184,12-10-2020,True
485,90309,29-07-2020,True
486,59804,20-09-2020,True
487,3983,28-01-2021,False
488,4131,24-01-2022,True
489,59329,"02-04-2023",True
490,95229,29-10-2022,False
491,83556,18-09-2021,False
492,87339,"02-11-2022",True
493,92211,25-04-2022,True
494,24543,27-06-2022,True
495,69332,"04-12-2020",True
496,86599,"03-05-2022",True
497,97,"06-06-2021",True
498,9488,17-12-2021,False
499,54754,18-04-2023,False
500,82183,14-07-2022,False
501,33738,15-05-2022,False
502,53264,25-02-2021,False
503,67470,"06-03-2022",True
504,94733,"04-05-2020",True
505,24475,15-11-2021,True
506,63734,29-08-2020,False
507,55100,11-11-2020,True
508,55050,21-12-2022,False
509,3493,24-05-2022,False
510,48565,22-06-2021,True
511,87992,"03-08-2020",True
512,89484,"06-01-2021",True
513,73596,11-05-2020,False
514,3414,17-05-2020,False
515,39894,"04-11-2022",True
516,96223,13-03-2020,False
517,32171,16-02-2021,False
518,25990,15-06-2021,False
519,41736,22-11-2021,False
520,35276,22-05-2023,True
521,25746,26-08-2021,True
522,87563,25-06-2020,False
523,76646,24-08-2022,True
524,27981,29-01-2022,True
525,69916,"01-12-2020",False
526,88623,28-01-2023,True
527,57579,16-05-2020,True
528,72980,"02-09-2020",True
529,70903,25-10-2021,True
530,73576,21-08-2022,True
531,74126,10-05-2021,True
532,47169,17-02-2021,False
533,47608,17-10-2022,False
534,97497,16-04-2023,False
535,43015,"02-12-2021",True
536,93611,"05-12-2020",False
537,40058,15-07-2021,True
538,86016,21-04-2020,False
539,21266,"01-08-2020",True
540,91189,"02-01-2023",False
541,85122,13-01-2021,False
542,78128,"07-05-2022",False
543,6039,"05-09-2020",True
544,12004,23-08-2022,True
545,2782,22-02-2021,True
546,76203,21-05-2020,False
547,39253,24-10-2022,False
548,20884,19-11-2021,True
549,45215,15-10-2021,False
550,27399,16-07-2020,False
551,95832,"03-05-2022",True
552,66578,19-04-2022,False
553,48572,"08-03-2023",False
554,96553,24-08-2020,True
555,80134,26-09-2022,False
556,12229,"06-01-2022",False
557,30729,28-10-2022,False
558,37127,12-10-2021,True
559,14489,"07-02-2021",True
560,68980,30-10-2021,False
561,56657,30-03-2023,True
562,50326,"01-05-2023",False
563,62368,"07-11-2020",True
564,43449,10-05-2023,False
565,22457,13-01-2021,False
566,16525,14-08-2021,True
567,45342,"07-08-2022",False
568,51229,"02-04-2023",False
569,39273,"09-12-2021",True
570,68161,31-03-2022,True
571,37002,"01-07-2021",True
572,14950,28-03-2021,True
573,4770,22-07-2021,False
574,54889,22-06-2022,True
575,55249,"05-01-2021",True
576,65801,25-04-2023,False
577,37120,13-04-2020,True
578,32527,26-07-2022,True
579,56203,"08-03-2023",False
580,98962,11-03-2021,False
581,24594,"02-11-2022",True
582,58133,26-10-2022,False
583,15891,23-08-2020,False
584,8488,"02-04-2021",True
585,31230,10-02-2021,True
586,4505,20-12-2022,False
587,96710,21-02-2021,True
588,78093,"05-05-2023",True
589,19576,12-05-2021,True
590,17782,"04-04-2020",True
591,80304,19-02-2021,False
592,32862,27-09-2022,False
593,14194,13-04-2020,False
594,75351,12-12-2022,True
595,65403,24-05-2020,True
596,42955,"07-12-2021",False
597,27270,16-02-2021,False
598,49025,"03-09-2022",True
599,83665,24-11-2020,True
600,14385,16-02-2021,True
601,77003,22-09-2022,True
602,3166,21-04-2021,False
603,3512,"06-03-2023",True
604,95455,15-05-2023,False
605,59804,12-09-2020,False
606,78982,"03-12-2022",False
607,3341,27-01-2020,False
608,58745,"06-08-2022",True
609,9863,"08-05-2022",True
610,40394,"01-11-2021",False
611,58378,15-04-2021,False
612,52341,12-08-2021,True
613,18465,16-01-2021,True
614,109,"03-11-2022",True
615,8686,"01-12-2022",True
616,45346,30-07-2022,False
617,95450,14-10-2022,False
618,39953,20-08-2022,True
619,22088,12-10-2021,True
620,2782,22-01-2021,False
621,48983,"05-08-2022",False
622,61220,12-06-2021,False
623,94925,18-05-2022,False
624,88576,27-04-2023,True
625,38758,23-12-2022,False
626,70912,13-04-2021,False
627,71817,13-01-2022,True
628,39926,"02-03-2023",True
629,3693,16-02-2021,False
630,46678,14-12-2022,False
631,31452,12-03-2022,False
632,39953,18-09-2022,True
633,86988,"09-09-2020",False
634,20363,15-04-2023,True
635,105,23-11-2021,False
636,8764,26-11-2020,False
637,63240,31-10-2020,False
638,65801,"04-05-2023",True
639,66777,24-11-2020,True
640,77856,24-02-2021,False
641,77673,14-08-2020,True
642,88752,"04-11-2020",False
643,49872,21-06-2021,True
644,71385,15-03-2020,True
645,88089,16-09-2022,False
646,3341,26-01-2020,True
647,40480,24-06-2020,False
648,96319,"05-09-2020",False
649,16525,"06-08-2021",True
650,932,24-07-2022,True
651,30292,25-10-2021,True
652,16837,29-08-2020,False
653,93727,"05-05-2023",False
654,63240,23-10-2020,True
655,22846,14-10-2020,True
656,90050,"08-12-2022",False
657,19029,16-03-2020,True
658,12027,27-03-2023,True
659,771,25-11-2022,False
660,83207,26-05-2021,True
661,65410,16-06-2021,False
662,73771,13-08-2020,True
663,48565,"08-07-2021",False
664,59246,"01-06-2022",False
665,21563,12-07-2020,True
666,61767,14-03-2020,True
667,87540,22-05-2020,True
668,54610,19-08-2021,False
669,43650,24-06-2022,True
670,95118,25-11-2021,False
671,91605,"07-09-2022",True
672,64811,25-10-2021,True
673,97326,14-06-2022,False
674,10421,25-07-2020,False
675,59654,21-03-2021,False
676,59752,"07-12-2022",True
677,3906,"01-04-2021",True
678,5877,20-11-2022,False
679,57794,"07-11-2021",True
680,96188,30-05-2021,True
681,48253,"05-03-2020",False
682,10144,14-08-2022,False
683,99177,17-02-2021,False
684,38694,24-01-2023,False
685,70898,18-12-2021,True
686,94569,21-01-2021,False
687,18703,"09-03-2023",False
688,93498,19-08-2020,False
689,16515,19-02-2020,False
690,75351,12-12-2022,True
691,47945,"09-09-2020",False
692,932,"04-08-2022",True
693,75775,31-08-2021,False
694,96348,14-09-2020,False
695,34768,17-06-2021,True
696,74062,19-01-2023,False
697,83092,18-12-2022,True
698,85867,17-06-2020,False
699,46316,10-11-2021,False
700,42323,"03-08-2020",False
701,88731,"04-11-2022",True
702,19788,31-12-2021,True
703,27523,27-09-2021,True
704,34895,15-12-2021,False
705,14422,22-04-2022,True
706,772,30-07-2020,False
707,65271,13-08-2020,False
708,52422,28-08-2021,True
709,12850,14-10-2020,True
710,65068,16-03-2020,False
711,79102,"04-08-2022",True
712,53797,"07-08-2020",True
713,89009,28-02-2020,False
714,62972,17-05-2022,True
715,83583,17-10-2020,True
716,35885,27-07-2020,False
717,16081,13-12-2022,True
718,97,29-05-2021,False
719,4945,11-07-2021,False
720,56374,22-10-2022,True
721,19817,28-01-2021,False
722,62975,"04-08-2020",True
723,37593,12-06-2022,True
724,22500,30-03-2022,True
725,92688,26-05-2022,False
726,59820,"06-06-2021",False
727,70207,29-03-2020,False
728,70003,"09-05-2023",False
729,31122,24-02-2020,True
730,22207,"01-08-2021",False
731,21033,"09-04-2022",False
732,81158,"06-06-2021",True
733,44088,"01-10-2021",True
734,35401,21-04-2021,True
735,74762,16-06-2021,True
736,14915,16-06-2022,False
737,64082,21-04-2020,True
738,22173,12-03-2022,True
739,87879,"02-02-2023",False
740,97326,"08-06-2022",False
741,48714,21-03-2021,True
742,60160,"04-11-2020",True
743,13877,"08-05-2022",True
744,92687,"06-08-2022",True
745,95450,"02-11-2022",False
746,1268,24-12-2020,True
747,71920,18-06-2020,False
748,39104,13-02-2023,True
749,2433,30-05-2021,True
750,51304,13-12-2022,True
751,29334,"07-01-2021",True
752,85059,"07-09-2020",True
753,94819,19-05-2023,True
754,20371,"09-12-2022",True
755,50998,10-10-2021,False
756,65410,"03-05-2021",False
757,92897,27-05-2021,False
758,30891,10-06-2021,False
759,6600,21-07-2022,True
760,11215,13-07-2020,True
761,82183,"06-07-2022",True
762,68587,10-02-2023,False
763,4875,18-05-2022,False
764,63359,18-03-2020,False
765,2782,"07-03-2021",False
766,6640,11-03-2020,False
767,81303,19-10-2021,True
768,52377,22-04-2023,True
769,66214,24-03-2021,False
770,46868,"06-10-2021",True
771,723,27-04-2021,True
772,93048,17-01-2023,False
773,10503,18-04-2023,False
774,87879,14-02-2023,True
775,24543,17-07-2022,False
776,16417,"09-04-2021",True
777,48835,27-01-2022,False
778,20724,16-08-2020,False
779,13780,"03-12-2022",False
780,2702,31-10-2020,False
781,38578,16-08-2020,True
782,52435,26-01-2022,True
783,16730,"02-09-2020",False
784,18048,25-12-2022,True
785,16898,18-01-2023,True
786,48448,27-04-2022,False
787,18648,15-06-2020,True
788,84381,31-05-2022,False
789,66425,25-08-2022,True
790,45706,11-10-2022,True
791,77516,21-05-2022,False
792,50179,17-07-2021,False
793,4145,"08-11-2021",False
794,75981,30-01-2020,False
795,76140,21-10-2020,True
796,17514,12-05-2022,False
797,92975,"02-11-2020",False
798,30291,19-05-2022,False
799,1696,29-07-2021,True
800,76829,"02-06-2022",False
801,20884,10-11-2021,False
802,17389,19-09-2020,False
803,5710,21-06-2021,True
804,52460,"05-04-2023",False
805,72847,20-04-2020,True
806,27019,20-01-2021,True
807,24909,19-03-2022,True
808,65354,18-02-2022,True
809,19782,18-07-2020,False
810,79297,"02-04-2020",True
811,32423,27-06-2020,False
812,33566,28-05-2023,True
813,6776,17-05-2020,True
814,93337,"03-07-2022",False
815,80911,"08-07-2021",False
816,33973,17-03-2023,False
817,52878,15-07-2022,False
818,48737,10-12-2020,False
819,20015,27-02-2020,False
820,31227,"05-04-2020",False
821,284,18-02-2023,True
822,93632,"03-06-2022",False
823,95210,20-02-2022,True
824,8979,15-11-2021,True
825,73251,17-06-2021,True
826,7412,18-09-2021,True
827,48693,"02-06-2023",False
828,89014,28-02-2020,False
829,51885,10-07-2021,True
830,42411,"02-01-2022",False
831,16237,28-10-2021,False
832,6510,30-08-2020,False
833,63343,"06-08-2021",True
834,22866,19-02-2021,False
835,87493,12-03-2023,True
836,99381,30-10-2022,True
837,93699,"08-01-2022",False
838,44608,27-12-2022,True
839,25757,"05-10-2020",False
840,16837,21-08-2020,False
841,98129,17-12-2021,True
842,30075,17-06-2020,True
843,72747,"07-06-2022",False
844,1585,11-05-2022,True
845,66948,"03-08-2022",False
846,27814,27-12-2022,True
847,33561,"09-07-2020",True
848,12820,13-10-2020,True
849,15470,12-01-2022,False
850,97767,30-12-2020,False
851,99574,24-09-2021,False
852,94527,"03-09-2022",True
853,33969,"03-05-2022",True
854,43449,"08-06-2023",False
855,96553,15-08-2020,False
856,29393,23-09-2020,True
857,39863,"01-07-2021",False
858,33566,23-04-2023,False
859,68299,"05-03-2022",True
860,21518,12-11-2022,True
861,63544,15-12-2020,True
862,92897,22-06-2021,True
863,98200,20-09-2022,False
864,39659,10-11-2021,True
865,94925,23-04-2022,False
866,57901,26-04-2023,True
867,7967,16-09-2021,True
868,44712,"04-05-2021",True
869,96991,16-08-2021,False
870,17198,31-03-2022,True
871,17123,"04-03-2020",False
872,9081,18-02-2021,False
873,88144,13-10-2020,True
874,21033,25-05-2022,False
875,68980,"08-11-2021",False
876,2410,"08-08-2021",True
877,48959,26-04-2023,False
878,68587,"02-02-2023",True
879,6715,"04-01-2022",True
880,85858,24-12-2020,True
881,68189,31-05-2020,False
882,15192,17-01-2023,True
883,86045,20-07-2021,True
884,73980,20-01-2022,False
885,72941,14-10-2021,True
886,95450,13-10-2022,False
887,19817,22-12-2020,False
888,94527,11-09-2022,False
889,96710,"01-03-2021",True
890,74423,31-10-2022,True
891,17287,"05-12-2020",False
892,88135,"09-11-2021",False
893,53116,25-01-2023,True
894,1694,19-12-2022,False
895,3493,"08-05-2022",False
896,53958,21-04-2023,False
897,46316,26-10-2021,False
898,9976,22-03-2022,True
899,9948,31-10-2022,False
900,6020,15-08-2022,False
901,75775,"02-09-2021",True
902,24676,27-09-2022,False
903,38175,16-05-2021,False
904,50017,18-11-2022,True
905,2514,17-04-2023,False
906,34777,31-07-2020,True
907,74355,18-09-2021,True
908,21563,17-07-2020,True
909,39083,25-10-2020,False
910,92836,23-10-2021,False
911,70712,11-02-2021,True
912,40160,20-12-2021,True
913,73073,21-01-2023,True
914,27939,17-07-2020,False
915,47964,22-09-2021,True
916,22481,23-09-2022,False
917,49154,"08-09-2021",False
918,34525,"09-12-2022",True
919,22449,16-03-2020,True
920,58059,20-02-2021,True
921,27415,"01-06-2022",True
922,6169,18-04-2021,False
923,49643,10-01-2022,True
924,86045,"05-07-2021",False
925,33765,16-07-2022,True
926,32918,28-05-2022,True
927,4903,14-03-2023,True
928,16493,27-01-2021,False
929,40387,17-09-2021,False
930,34678,"04-01-2021",True
931,49863,22-05-2021,True
932,93090,19-07-2021,True
933,89694,18-02-2021,False
934,13877,19-04-2022,False
935,80911,"01-08-2021",True
936,87587,21-04-2022,True
937,49112,"06-09-2022",True
938,25757,19-10-2020,False
939,72271,18-10-2021,True
940,9661,30-08-2022,True
941,49683,"06-01-2023",False
942,4639,23-08-2021,False
943,20964,14-10-2022,False
944,7016,"09-12-2020",False
945,45392,21-09-2020,False
946,87479,20-07-2020,True
947,53116,12-01-2023,False
948,73609,30-08-2021,True
949,79920,20-04-2023,False
950,31910,18-09-2022,True
951,90771,"02-07-2020",False
952,22687,10-06-2022,False
953,98832,23-11-2022,False
954,16790,11-11-2021,False
955,3872,"04-06-2023",True
956,44480,"04-07-2022",True
957,82663,"08-07-2021",False
958,56817,17-11-2022,True
959,13877,20-05-2022,True
960,56666,31-12-2022,True
961,91834,25-10-2022,True
962,66320,23-01-2023,True
963,18994,"05-10-2021",True
964,22094,15-10-2021,True
965,36011,22-12-2021,True
966,22296,"08-07-2020",False
967,66841,"01-01-2023",False
968,3983,10-01-2021,True
969,68559,21-04-2021,True
970,6268,16-04-2020,False
971,39863,"08-06-2021",False
972,32050,"08-06-2022",False
973,80300,23-01-2021,True
974,68807,10-04-2023,True
975,41944,11-10-2021,False
976,14150,31-10-2020,True
977,50176,17-10-2021,True
978,32659,"09-11-2021",True
979,3603,"04-08-2022",True
980,73067,13-05-2021,False
981,72401,14-03-2023,True
982,71474,15-10-2020,True
983,79413,13-07-2022,True
984,33619,"01-05-2022",True
985,7073,"06-01-2022",False
986,34232,13-07-2021,True
987,32932,19-08-2021,False
988,91283,13-03-2022,True
989,87218,17-07-2021,False
990,15556,14-10-2021,False
991,53797,"09-07-2020",False
992,32681,"03-12-2022",False
993,10014,"03-05-2023",False
994,93699,"06-02-2022",True
995,80178,"01-01-2023",False
996,82979,"09-09-2022",False
997,30966,19-10-2021,False
998,10382,"05-08-2021",False
999,40453,18-08-2020,True
1000,27030,"03-08-2020",False
1001,99574,21-10-2021,False
1002,62961,20-03-2023,False
1003,20371,"03-12-2022",False
1004,73980,11-02-2022,False
1005,4365,"04-05-2023",True
1006,99983,24-12-2021,True
1007,94871,17-09-2021,True
1008,16837,"03-09-2020",False
1009,18648,20-06-2020,False
1010,51317,21-02-2022,True
1011,39224,22-07-2022,False
1012,5386,20-09-2022,True
1013,33919,26-04-2021,False
1014,40465,"08-05-2020",True
1015,73440,20-08-2022,True
1016,64007,22-08-2021,False
1017,2735,"04-02-2023",True
1018,39693,24-04-2021,False
1019,26011,30-11-2020,True
1020,12011,17-03-2023,False
1021,71202,"04-03-2021",False
1022,85079,26-03-2022,False
1023,87493,19-02-2023,True
1024,26125,16-08-2022,True
1025,55050,"09-11-2022",False
1026,83665,23-12-2020,False
1027,11354,29-12-2021,True
1028,59389,"02-12-2020",True
1029,85612,27-11-2020,False
1030,54131,24-09-2022,False
1031,8243,26-04-2022,True
1032,77003,14-11-2022,False
1033,7631,24-10-2021,False
1034,13408,30-10-2022,False
1035,12104,31-12-2020,False
1036,66386,28-01-2023,True
1037,29795,"01-07-2021",False
1038,79393,10-10-2022,False
1039,80503,"02-05-2023",False
1040,5673,17-03-2022,True
1041,36490,20-08-2022,True
1042,99043,"02-06-2020",False
1043,26289,27-01-2021,False
1044,96865,30-12-2022,False
1045,14470,"09-06-2022",False
1046,9489,18-03-2022,True
1047,33363,16-03-2020,False
1048,95118,23-12-2021,True
1049,4166,17-12-2022,False
1050,57579,17-06-2020,False
1051,41736,13-12-2021,False
1052,87023,15-08-2022,True
1053,35609,15-04-2023,False
1054,43613,24-07-2022,False
1055,57769,17-12-2021,False
1056,30931,30-08-2020,False
1057,73609,13-09-2021,True
1058,56430,"02-05-2022",True
1059,12055,23-10-2022,False
1060,8728,25-03-2021,True
1061,58783,"03-01-2022",False
1062,83240,23-01-2021,False
1063,68399,"01-09-2021",True
1064,60943,"08-04-2023",True
1065,56069,"09-03-2020",True
1066,58814,"08-01-2022",True
1067,30253,"05-06-2021",True
1068,17972,12-09-2020,False
1069,6020,23-06-2022,True
1070,47386,23-11-2022,False
1071,99969,"03-09-2022",True
1072,22846,12-11-2020,True
1073,29334,17-02-2021,True
1074,15515,19-10-2022,False
1075,70555,"04-02-2021",True
1076,63868,11-11-2022,True
1077,17713,"03-05-2022",True
1078,49225,"02-03-2021",False
1079,7099,12-09-2020,True
1080,53797,21-08-2020,True
1081,57239,16-11-2021,True
1082,50301,"05-09-2020",True
1083,93753,29-07-2021,True
1084,25469,17-03-2021,False
1085,97899,16-06-2022,True
1086,57842,24-11-2020,True
1087,25276,15-08-2022,True
1088,39116,29-04-2023,False
1089,49876,"06-11-2020",True
1090,9863,28-04-2022,True
1091,93839,"08-12-2021",False
1092,45544,12-09-2020,False
1093,56303,"09-02-2022",True
1094,46970,10-10-2021,True
1095,96865,13-12-2022,True
1096,78383,23-12-2020,True
1097,9672,27-09-2021,True
1098,59752,29-12-2022,True
1099,69714,13-01-2021,False
1100,27144,10-12-2021,True
1101,5251,25-01-2021,True
1102,64541,"05-03-2020",False
1103,86988,21-09-2020,False
1104,24475,28-09-2021,False
1105,25169,27-05-2023,False
1106,30254,30-08-2022,False
1107,35916,21-03-2020,True
1108,61736,21-07-2020,True
1109,25811,14-05-2020,False
1110,79692,30-09-2021,False
1111,86690,17-06-2022,False
1112,22094,16-11-2021,True
1113,65311,27-02-2022,True
1114,40333,23-09-2022,True
1115,75540,14-06-2022,True
1116,33019,18-11-2022,False
1117,49286,31-01-2021,True
1118,67818,"01-05-2023",True
1119,86356,13-04-2021,False
1120,26995,13-07-2021,False
1121,4903,"02-03-2023",False
1122,94753,13-01-2023,False
1123,57916,11-10-2022,False
1124,27649,15-08-2020,False
1125,63359,"03-04-2020",True
1126,9787,14-11-2020,False
1127,58831,18-02-2022,True
1128,86311,16-06-2020,False
1129,9072,24-12-2021,False
1130,21210,27-11-2022,True
1131,60750,10-11-2020,True
1132,20371,"05-12-2022",False
1133,29276,24-02-2021,False
1134,44132,23-04-2021,False
1135,53343,30-08-2020,False
1136,37552,21-02-2020,False
1137,15733,30-07-2020,False
1138,78021,15-04-2021,False
1139,26225,31-01-2023,True
1140,932,23-08-2022,False
1141,27030,12-07-2020,True
1142,93632,15-05-2022,False
1143,15232,15-07-2020,False
1144,62972,16-06-2022,True
1145,51448,"07-06-2023",True
1146,66948,20-07-2022,False
1147,27981,"07-03-2022",False
1148,99465,"09-08-2020",False
1149,6079,"06-12-2020",True
1150,12073,24-11-2021,False
1151,89880,26-11-2020,True
1152,4833,"07-01-2021",False
1153,60470,20-11-2020,True
1154,79025,11-01-2022,False
1155,35077,19-04-2023,False
1156,18436,21-01-2023,True
1157,53343,11-07-2020,True
1158,86311,17-06-2020,False
1159,51030,25-02-2020,True
1160,47443,26-05-2023,False
1161,181,30-04-2020,True
1162,34678,31-12-2020,False
1163,6268,"09-05-2020",False
1164,65760,"01-02-2021",False
1165,98138,27-09-2022,False
1166,16898,11-01-2023,False
1167,42617,"01-01-2023",True
1168,7412,"08-09-2021",True
1169,84013,"01-01-2021",True
1170,42051,26-02-2023,False
1171,96245,27-04-2021,False
1172,81067,20-07-2020,True
1173,41482,22-11-2021,True
1174,24356,"07-03-2020",False
1175,27728,16-05-2020,False
1176,2514,22-04-2023,False
1177,13799,14-02-2023,False
1178,85612,28-11-2020,False
1179,62846,25-09-2022,True
1180,33351,24-09-2022,True
1181,62975,16-09-2020,False
1182,21398,27-10-2022,False
1183,84842,23-12-2022,True
1184,58562,17-03-2021,False
1185,63380,21-11-2021,True
1186,22296,11-08-2020,False
1187,29489,"08-04-2022",False
1188,12113,15-12-2020,True
1189,41016,"03-05-2023",True
1190,9488,"02-01-2022",True
1191,10389,17-06-2022,False
1192,50046,12-09-2020,False
1193,63796,"09-09-2020",True
1194,43256,19-01-2021,False
1195,43778,"08-07-2022",True
1196,89680,28-01-2020,False
1197,23124,16-08-2022,False
1198,69332,18-10-2020,True
1199,46678,"09-12-2022",True
1200,77826,22-06-2021,True
1201,79365,29-10-2021,True
1202,7953,23-01-2021,False
1203,48023,20-11-2021,True
1204,87461,"01-05-2023",True
1205,66465,12-09-2022,True
1206,38957,"05-03-2021",False
1207,771,26-10-2022,True
1208,92593,26-05-2021,False
1209,39252,24-05-2023,True
1210,22846,18-11-2020,True
1211,85516,"09-12-2021",True
1212,60158,"07-03-2022",False
1213,58516,25-07-2020,False
1214,39863,"04-06-2021",True
1215,74762,"08-06-2021",True
1216,19936,27-04-2023,True
1217,75533,10-03-2020,True
1218,84624,19-01-2022,True
1219,77483,26-04-2023,False
1220,91419,23-04-2022,True
1221,48644,18-06-2020,True
1222,81695,21-05-2023,True
1223,53958,25-05-2023,False
1224,96245,15-04-2021,True
1225,71355,16-03-2021,True
1226,96664,28-04-2022,True
1227,53116,25-12-2022,False
1228,67201,16-02-2023,True
1229,34711,26-07-2022,False
1230,54610,21-08-2021,False
1231,23356,"01-05-2020",True
1232,84842,30-01-2023,False
1233,93337,28-05-2022,True
1234,6795,"08-07-2020",False
1235,85122,17-12-2020,False
1236,73440,24-09-2022,False
1237,80351,23-03-2023,True
1238,79920,17-05-2023,False
1239,63773,"09-11-2022",False
1240,18162,23-08-2020,False
1241,99983,"04-01-2022",True
1242,56797,25-02-2021,True
1243,23116,"05-07-2021",False
1244,54683,11-12-2021,True
1245,43793,31-05-2023,True
1246,33479,14-07-2021,False
1247,83369,"04-09-2021",True
1248,85498,"02-05-2020",False
1249,39895,"05-02-2022",False
1250,86448,"07-08-2021",True
1251,63326,14-06-2022,False
1252,45085,10-10-2022,True
1253,56666,27-12-2022,False
1254,94753,20-01-2023,False
1255,9948,15-11-2022,True
1256,72747,25-05-2022,True
1257,44381,"08-08-2022",False
1258,37593,28-06-2022,False
1259,27939,24-06-2020,False
1260,91834,30-10-2022,False
1261,97838,16-03-2021,False
1262,10558,14-09-2020,True
1263,63592,15-08-2022,False
1264,81303,27-10-2021,True
1265,12117,16-01-2021,False
1266,87563,"06-06-2020",False
1267,86356,"09-05-2021",False
1268,99969,31-08-2022,True
1269,90987,11-07-2021,False
1270,18834,25-03-2020,True
1271,49564,"08-10-2020",True
1272,64007,"07-09-2021",False
1273,52449,"04-08-2020",True
1274,65403,31-05-2020,False
1275,27561,11-08-2022,True
1276,17782,31-03-2020,True
1277,91605,"03-10-2022",False
1278,40502,11-10-2021,False
1279,9940,20-04-2020,False
1280,48291,16-02-2022,True
1281,93688,25-08-2020,True
1282,17423,30-03-2022,True
1283,6643,19-12-2021,True
1284,27019,"05-01-2021",True
1285,34525,"03-12-2022",False
1286,44903,28-03-2021,True
1287,41313,23-03-2022,False
1288,4687,19-05-2022,False
1289,17123,"05-02-2020",False
1290,56413,26-11-2020,False
1291,62482,29-04-2022,True
1292,36661,"08-10-2021",True
1293,26984,"08-04-2021",False
1294,41415,27-09-2021,False
1295,11354,"06-12-2021",False
1296,2006,"07-04-2021",False
1297,99708,22-06-2020,False
1298,9948,30-10-2022,False
1299,25966,23-05-2020,False
1300,56744,15-03-2022,True
1301,91189,27-01-2023,False
1302,86356,27-03-2021,True
1303,42519,25-05-2021,True
1304,30764,12-02-2022,False
1305,60489,21-08-2021,True
1306,98106,29-07-2021,False
1307,20087,28-12-2022,True
1308,31098,18-12-2021,True
1309,40237,"05-02-2022",True
1310,20681,"05-06-2022",False
1311,41906,16-02-2022,True
1312,72543,25-09-2021,True
1313,16340,"05-03-2020",False
1314,23717,14-09-2021,False
1315,4833,25-01-2021,True
1316,33181,15-03-2023,False
1317,73609,14-09-2021,True
1318,59855,16-01-2022,True
1319,59908,"07-02-2022",True
1320,4131,17-02-2022,True
1321,48138,"08-08-2022",False
1322,50971,15-06-2020,False
1323,41903,"08-03-2023",True
1324,13457,23-05-2020,True
1325,19029,18-04-2020,True
1326,31600,"05-11-2020",True
1327,87077,"09-02-2022",True
1328,65982,17-11-2020,True
1329,58647,23-06-2021,False
1330,28238,"09-01-2023",False
1331,66907,26-02-2022,True
1332,12687,"06-03-2020",True
1333,95175,"09-09-2021",True
1334,47816,23-04-2020,True
1335,7506,28-03-2020,True
1336,14392,"09-03-2021",False
1337,19394,18-06-2020,False
1338,28273,"03-08-2020",False
1339,31230,27-01-2021,False
1340,88475,31-05-2020,True
1341,61562,11-10-2022,False
1342,1580,"06-07-2022",False
1343,76432,16-04-2021,False
1344,66118,"08-12-2022",True
1345,71920,18-06-2020,False
1346,33765,21-05-2022,True
1347,3984,10-05-2023,False
1348,10046,19-04-2021,False
1349,35609,"03-05-2023",True
1350,9138,17-03-2021,False
1351,25274,18-12-2021,False
1352,81917,16-07-2020,True
1353,55123,28-03-2023,False
1354,5337,"01-08-2021",True
1355,89779,23-01-2020,False
1356,1585,18-05-2022,False
1357,17677,24-10-2022,True
1358,9575,10-06-2020,False
1359,25990,23-04-2021,False
1360,15834,30-08-2022,True
1361,28331,11-07-2020,False
1362,47608,"06-10-2022",False
1363,79393,19-09-2022,False
1364,69731,"07-04-2023",True
1365,28599,"06-07-2020",True
1366,87023,19-08-2022,True
1367,67674,"08-08-2022",False
1368,69518,"04-10-2021",True
1369,69518,"09-10-2021",False
1370,12568,"01-06-2021",False
1371,82338,29-09-2020,False
1372,77647,27-06-2020,False
1373,98562,22-10-2021,True
1374,772,14-08-2020,False
1375,97789,30-06-2021,False
1376,67431,17-03-2022,True
1377,70797,14-12-2022,True
1378,15079,19-10-2022,False
1379,19576,26-05-2021,False
1380,40814,30-03-2021,False
1381,40159,23-05-2022,False
1382,94925,26-04-2022,False
1383,94300,20-12-2020,True
1384,69797,"03-12-2020",True
1385,77717,"06-09-2022",False
1386,23317,12-10-2020,False
1387,12243,14-07-2022,True
1388,26408,12-07-2022,False
1389,59917,"06-03-2023",False
1390,7078,28-05-2020,True
1391,80714,18-03-2020,True
1392,60508,12-12-2020,True
1393,44191,"01-06-2021",False
1394,70898,"05-01-2022",True
1395,22088,31-10-2021,False
1396,26004,27-02-2020,True
1397,54131,21-09-2022,True
1398,9577,15-04-2022,True
1399,67581,11-04-2021,False
1400,99217,22-12-2022,False
1401,77699,13-05-2021,True
1402,75778,18-08-2020,False
1403,5150,"04-02-2021",False
1404,325,27-12-2021,False
1405,38902,"02-03-2020",True
1406,92146,30-11-2022,True
1407,53264,13-02-2021,True
1408,9488,17-11-2021,True
1409,76722,29-04-2023,False
1410,37367,13-07-2020,True
1411,66777,16-12-2020,True
1412,13666,"09-02-2022",True
1413,75553,20-10-2020,True
1414,22838,24-02-2021,True
1415,19788,25-12-2021,True
1416,43650,"09-06-2022",True
1417,62972,12-06-2022,False
1418,30610,21-06-2021,True
1419,98929,30-05-2023,False
1420,15733,30-08-2020,True
1421,5207,13-09-2022,False
1422,63117,16-10-2022,False
1423,54065,13-03-2020,False
1424,40234,"02-01-2023",True
1425,72619,24-02-2023,False
1426,49564,"08-10-2020",True
1427,16852,"08-04-2021",False
1428,42759,27-12-2021,False
1429,12189,"04-01-2021",False
1430,49128,26-06-2021,False
1431,50809,13-11-2020,True
1432,92213,25-06-2021,True
1433,69634,17-01-2022,True
1434,4639,"07-09-2021",False
1435,87765,15-05-2020,True
1436,73609,21-09-2021,True
1437,41984,"08-08-2021",False
1438,57134,14-07-2022,True
1439,17377,"01-06-2023",True
1440,95680,18-09-2020,True
1441,64445,29-03-2022,True
1442,68337,"03-07-2021",False
1443,20118,27-02-2022,True
1444,86899,26-06-2022,False
1445,74263,30-08-2022,False
1446,28740,19-12-2022,True
1447,69809,14-01-2021,False
1448,28851,16-08-2020,True
1449,48714,"01-03-2021",True
1450,68399,20-08-2021,True
1451,66747,12-10-2020,True
1452,91189,"07-02-2023",False
1453,82248,31-12-2022,True
1454,76033,19-03-2020,True
1455,28561,"07-08-2020",True
1456,9125,"03-04-2022",True
1457,16658,21-07-2021,True
1458,50365,20-03-2020,True
1459,89428,13-04-2021,True
1460,84162,"06-11-2021",True
1461,37942,"08-11-2022",False
1462,80064,28-02-2023,True
1463,79393,20-09-2022,True
1464,44480,20-06-2022,True
1465,62432,10-10-2021,False
1466,45342,18-07-2022,False
1467,53259,24-08-2022,True
1468,112,"05-05-2023",False
1469,30231,25-07-2022,True
1470,82225,15-06-2022,True
1471,19340,16-12-2020,True
1472,33101,"03-12-2021",False
1473,45544,"03-10-2020",False
1474,87628,12-03-2020,True
1475,9138,30-03-2021,False
1476,77189,22-11-2020,True
1477,10368,14-06-2021,True
1478,45221,30-08-2022,False
1479,98562,16-11-2021,False
1480,55532,"06-05-2021",True
1481,22453,12-02-2023,False
1482,25469,"01-03-2021",False
1483,45447,"02-01-2023",True
1484,10368,"07-06-2021",False
1485,64820,17-02-2023,True
1486,33627,"07-10-2020",True
1487,41984,22-08-2021,False
1488,38556,23-01-2023,True
1489,30732,31-08-2021,True
1490,64792,14-03-2022,False
1491,50667,"07-10-2020",False
1492,84124,12-09-2022,True
1493,64855,21-11-2020,True
1494,46485,29-11-2020,False
1495,18741,28-03-2020,False
1496,45010,11-12-2022,False
1497,53958,13-06-2023,True
1498,33017,21-02-2021,False
1499,18426,23-02-2020,False
1500,35924,17-01-2023,False
1501,81484,10-11-2021,True
1502,93581,"02-06-2022",False
1503,11215,"07-06-2020",True
1504,58685,25-04-2020,True
1505,80937,"02-09-2021",False
1506,91719,12-05-2023,True
1507,70003,"02-04-2023",True
1508,28874,25-05-2022,False
1509,96338,"08-05-2020",False
1510,59236,26-08-2020,False
1511,4003,19-10-2021,True
1512,16852,"07-04-2021",False
1513,10144,11-07-2022,False
1514,73980,28-02-2022,True
1515,55110,"05-04-2020",True
1516,67014,18-02-2023,True
1517,94391,22-10-2020,True
1518,38681,15-01-2021,False
1519,66426,"09-08-2021",True
1520,64007,12-09-2021,True
1521,28302,30-06-2020,True
1522,20681,"08-05-2022",False
1523,6716,28-09-2020,True
1524,85172,"09-07-2021",False
1525,70003,"09-05-2023",False
1526,52878,"05-07-2022",True
1527,13042,30-09-2020,True
1528,18496,"07-08-2022",True
1529,45447,13-01-2023,True
1530,13310,29-10-2020,True
1531,37813,18-06-2022,True
1532,20591,27-04-2022,True
1533,94065,15-05-2020,False
1534,71285,"06-06-2021",False
1535,16558,"07-10-2021",False
1536,89124,"05-04-2023",True
1537,80942,13-02-2023,False
1538,41902,24-05-2022,False
1539,73205,18-05-2022,True
1540,14277,29-06-2022,False
1541,59283,"04-05-2021",True
1542,72589,19-11-2021,False
1543,6268,11-04-2020,False
1544,32260,15-11-2021,True
1545,31227,22-03-2020,False
1546,44778,"07-03-2021",True
1547,91829,27-04-2020,False
1548,8436,"08-02-2021",True
1549,18648,28-06-2020,True
1550,17228,14-09-2020,True
1551,16715,"02-05-2020",False
1552,16953,13-07-2021,False
1553,22500,"09-04-2022",False
1554,73003,20-12-2020,False
1555,62432,"05-10-2021",True
1556,90013,23-11-2022,True
1557,30891,16-07-2021,True
1558,94871,"03-08-2021",False
1559,33255,12-09-2022,True
1560,39693,12-04-2021,True
1561,19782,"03-08-2020",True
1562,18162,"01-09-2020",False
1563,66513,16-01-2021,True
1564,21539,25-06-2022,False
1565,68019,27-11-2022,True
1566,69797,30-11-2020,False
1567,25164,13-03-2022,False
1568,71457,30-11-2020,True
1569,6020,31-07-2022,False
1570,15891,"08-08-2020",False
1571,75894,24-03-2023,False
1572,58647,11-06-2021,False
1573,87252,12-01-2020,True
1574,47129,19-11-2022,False
1575,70811,29-12-2021,False
1576,84555,16-05-2022,True
1577,10486,27-11-2022,True
1578,57134,"06-08-2022",False
1579,40814,25-03-2021,False
1580,29763,"04-07-2021",True
1581,33219,24-11-2020,True
1582,90148,"05-08-2021",True
1583,9710,16-10-2021,False
1584,14489,14-02-2021,True
1585,35147,"07-01-2023",False
1586,23337,31-10-2021,False
1587,645,30-04-2022,True
1588,40223,14-05-2020,False
1589,27210,25-04-2022,False
1590,54466,10-01-2023,True
1591,86426,20-03-2022,True
1592,91211,30-04-2021,False
1593,2379,"06-11-2020",False
1594,92897,10-05-2021,True
1595,53892,23-08-2022,True
1596,22566,30-05-2020,True
1597,67621,31-07-2022,True
1598,37813,15-05-2022,False
1599,81373,28-07-2021,True
1600,95420,"05-02-2021",False
1601,19576,"01-06-2021",False
1602,89146,13-12-2020,True
1603,44756,10-11-2022,False
1604,20535,"08-05-2023",False
1605,31662,"08-12-2020",True
1606,89626,20-05-2022,True
1607,74651,19-05-2020,False
1608,89014,21-03-2020,True
1609,61767,16-04-2020,True
1610,88089,28-08-2022,False
1611,94569,14-01-2021,True
1612,23859,31-08-2022,False
1613,44756,18-11-2022,False
1614,27140,25-07-2022,True
1615,99102,10-03-2020,False
1616,54466,"09-02-2023",True
1617,79920,27-05-2023,True
1618,51481,"07-08-2022",False
1619,66130,29-06-2021,False
1620,82905,26-12-2020,False
1621,69021,28-02-2022,False
1622,3836,"01-06-2023",False
1623,82695,12-09-2020,False
1624,95450,23-11-2022,False
1625,12162,20-07-2020,True
1626,29334,30-01-2021,False
1627,5058,"07-03-2023",True
1628,40220,17-07-2022,False
1629,81484,"04-11-2021",True
1630,50747,18-05-2022,False
1631,28331,30-06-2020,False
1632,92975,14-10-2020,True
1633,90258,"03-03-2020",False
1634,84056,25-02-2021,False
1635,19972,29-05-2022,True
1636,22793,"02-05-2021",True
1637,60608,25-02-2020,False
1638,88252,25-03-2021,False
1639,42374,17-11-2021,True
1640,44999,29-01-2022,False
1641,28801,25-10-2022,True
1642,24378,23-01-2021,False
1643,41155,"03-04-2021",True
1644,13134,25-06-2021,True
1645,87895,23-03-2022,True
1646,67785,26-01-2020,True
1647,84046,27-10-2022,False
1648,23172,"03-01-2022",False
1649,56797,17-03-2021,False
1650,25963,10-03-2023,True
1651,27561,13-08-2022,False
1652,68019,"09-11-2022",False
1653,31528,21-07-2020,True
1654,96865,"05-12-2022",True
1655,69402,26-03-2021,True
1656,63793,18-04-2021,False
1657,2782,11-03-2021,False
1658,20063,"07-04-2021",False
1659,91719,"06-05-2023",False
1660,17909,"02-04-2020",True
1661,58986,"05-12-2020",True
1662,60830,"09-07-2021",False
1663,22769,"02-09-2021",True
1664,30197,"04-03-2020",False
1665,55368,"01-03-2020",False
1666,49301,19-05-2022,True
1667,40552,26-11-2021,False
1668,15556,17-09-2021,False
1669,19003,"08-04-2023",False
1670,85243,"02-10-2022",True
1671,9138,15-03-2021,True
1672,28315,"04-12-2022",True
1673,70248,18-12-2022,False
1674,51758,"09-08-2021",True
1675,73977,16-04-2023,True
1676,94925,10-05-2022,False
1677,75172,"09-08-2020",True
1678,9407,25-12-2022,True
1679,71024,29-01-2022,False
1680,1694,27-10-2022,True
1681,22628,10-01-2021,True
1682,70508,19-10-2021,True
1683,91297,"02-09-2021",True
1684,36414,24-02-2023,False
1685,77137,28-05-2020,True
1686,36992,29-10-2020,True
1687,63796,30-09-2020,False
1688,63544,13-11-2020,False
1689,84113,10-11-2022,True
1690,82183,10-08-2022,False
1691,91719,11-04-2023,True
1692,38175,30-05-2021,True
1693,95732,23-04-2023,False
1694,87694,13-10-2020,False
1695,39286,"08-07-2022",False
1696,66130,16-05-2021,False
1697,54510,24-07-2020,True
1698,16340,"01-04-2020",True
1699,14041,30-06-2022,False
1700,75636,26-05-2020,False
1701,39083,29-09-2020,True
1702,75894,10-03-2023,False
1703,99710,28-02-2020,False
1704,66179,"08-05-2021",False
1705,49014,15-07-2020,False
1706,13769,27-02-2021,False
1707,42533,30-06-2022,False
1708,76432,"09-05-2021",True
1709,59820,"08-07-2021",False
1710,40829,"06-01-2022",True
1711,12816,19-06-2022,False
1712,12662,"04-05-2022",True
1713,89978,13-02-2021,False
1714,3335,"04-07-2020",False
1715,55543,13-11-2020,False
1716,6516,13-08-2022,False
1717,98536,14-12-2021,False
1718,16837,"06-08-2020",False
1719,76394,11-06-2020,False
1720,3906,12-04-2021,False
1721,75264,27-05-2022,True
1722,24806,10-03-2021,True
1723,2410,16-08-2021,False
1724,30707,26-11-2021,False
1725,17362,"04-11-2021",False
1726,24909,25-01-2022,True
1727,40003,20-06-2021,False
1728,71474,16-09-2020,True
1729,96027,26-08-2022,False
1730,50671,11-02-2023,True
1731,61680,13-01-2021,True
1732,93884,12-04-2022,False
1733,70678,14-02-2022,False
1734,12335,"04-03-2020",False
1735,49560,24-11-2021,False
1736,68189,28-04-2020,True
1737,48149,17-02-2021,False
1738,45010,18-11-2022,True
1739,56596,24-05-2022,False
1740,47364,25-03-2022,True
1741,57200,23-02-2020,False
1742,39224,30-07-2022,False
1743,5150,21-12-2020,False
1744,90050,14-01-2023,False
1745,66580,12-02-2023,False
1746,59841,10-04-2023,False
1747,57013,"07-04-2021",False
1748,59246,22-05-2022,False
1749,68704,"01-04-2023",False
1750,80064,23-01-2023,False
1751,92255,"08-07-2021",True
1752,89374,10-09-2022,False
1753,36011,"06-01-2022",False
1754,76876,"05-04-2023",True
1755,6912,11-05-2023,True
1756,48769,13-02-2021,True
1757,86426,"04-04-2022",True
1758,80300,14-03-2021,False
1759,62228,10-12-2022,True
1760,50145,"06-04-2022",True
1761,93884,18-02-2022,False
1762,47386,18-11-2022,True
1763,77717,"05-10-2022",False
1764,284,23-03-2023,True
1765,97368,28-04-2021,True
1766,27606,22-02-2023,True
1767,59941,28-12-2021,True
1768,93611,15-12-2020,False
1769,66214,12-02-2021,False
1770,83369,"03-10-2021",False
1771,56277,24-12-2020,True
1772,60151,24-04-2021,True
1773,70004,"07-10-2020",False
1774,85033,"08-04-2023",True
1775,36414,27-02-2023,False
1776,71024,29-01-2022,False
1777,67404,10-06-2022,True
1778,47779,17-12-2022,True
1779,69765,"07-09-2021",True
1780,49876,23-12-2020,True
1781,4639,27-07-2021,True
1782,12816,18-05-2022,False
1783,71920,"07-07-2020",False
1784,55476,23-06-2022,True
1785,78863,"06-12-2020",True
1786,61426,23-09-2020,True
1787,91735,16-07-2020,True
1788,40234,28-12-2022,True
1789,1634,21-09-2021,False
1790,78752,11-06-2022,False
1791,94569,"06-01-2021",False
1792,46426,"08-05-2022",True
1793,32053,19-10-2022,False
1794,96390,22-01-2022,False
1795,78843,"02-06-2020",False
1796,56596,22-05-2022,False
1797,73609,"02-10-2021",True
1798,53271,"02-11-2021",True
1799,87077,10-03-2022,True
1800,71233,18-08-2021,True
1801,43329,20-08-2021,True
1802,5868,"05-10-2021",False
1803,88143,18-08-2022,True
1804,76829,14-05-2022,False
1805,81112,27-07-2020,True
1806,88731,"05-12-2022",False
1807,48253,"01-03-2020",False
1808,55123,26-03-2023,False
1809,12106,14-06-2020,False
1810,49154,18-09-2021,False
1811,25907,20-05-2021,False
1812,57190,24-01-2021,False
1813,88184,20-11-2020,True
1814,77098,28-02-2020,False
1815,75351,"06-01-2023",False
1816,8645,18-11-2021,True
1817,28414,21-04-2023,True
1818,3983,"07-02-2021",False
1819,83017,"07-07-2021",True
1820,88352,"09-09-2022",False
1821,64664,15-09-2022,True
1822,22507,"09-11-2021",True
1823,27236,"07-11-2020",True
1824,74069,27-02-2022,False
1825,97860,27-09-2021,True
1826,28192,"05-07-2022",False
1827,93213,17-03-2021,True
1828,57842,17-12-2020,False
1829,24543,"07-06-2022",True
1830,64961,17-01-2023,False
1831,9180,18-07-2022,True
1832,47609,22-03-2020,True
1833,42523,14-06-2021,True
1834,9703,11-10-2022,True
1835,24821,25-04-2021,False
1836,78097,15-04-2021,True
1837,99465,26-08-2020,True
1838,68704,"09-03-2023",False
1839,72747,"01-07-2022",True
1840,82248,16-01-2023,True
1841,13599,26-04-2023,False
1842,56817,27-12-2022,True
1843,10002,"04-05-2020",True
1844,53892,28-09-2022,False
1845,41903,19-02-2023,True
1846,4875,"04-06-2022",False
1847,51030,24-02-2020,True
1848,85840,"07-08-2020",True
1849,42812,21-07-2021,False
1850,30610,"08-06-2021",False
1851,48572,12-04-2023,False
1852,87339,14-11-2022,True
1853,34768,30-06-2021,False
1854,70731,21-01-2020,True
1855,89030,19-07-2020,False
1856,48714,25-02-2021,True
1857,99348,17-07-2021,False
1858,17872,"01-07-2021",True
1859,38603,25-02-2020,True
1860,29637,20-01-2022,True
1861,28851,13-08-2020,True
1862,10366,26-12-2020,True
1863,16558,"03-10-2021",True
1864,18994,26-09-2021,True
1865,44778,22-03-2021,False
1866,29763,30-07-2021,False
1867,35201,"06-10-2022",True
1868,49301,29-04-2022,False
1869,48693,23-04-2023,False
1870,65879,19-07-2021,False
1871,52808,"02-08-2020",False
1872,24052,30-06-2020,False
1873,54436,10-08-2022,True
1874,34777,22-07-2020,True
1875,77857,26-08-2020,True
1876,9149,18-04-2022,True
1877,54065,19-04-2020,False
1878,68399,"02-10-2021",False
1879,37488,13-08-2022,True
1880,45046,21-12-2022,True
1881,51448,"07-06-2023",True
1882,19926,29-11-2022,True
1883,48769,"04-04-2021",True
1884,77483,14-04-2023,False
1885,92720,20-05-2020,True
1886,16299,14-10-2020,True
1887,27140,16-09-2022,False
1888,25031,29-05-2022,True
1889,22838,17-02-2021,True
1890,71920,25-07-2020,False
1891,23717,31-07-2021,False
1892,19286,19-09-2022,True
1893,47364,27-02-2022,True
1894,75604,10-09-2021,False
1895,18956,27-01-2020,True
1896,39868,"04-03-2023",True
1897,35276,"09-05-2023",False
1898,99381,17-12-2022,True
1899,18496,20-08-2022,False
1900,68943,"07-07-2021",False
1901,49876,16-11-2020,True
1902,48572,10-03-2023,True
1903,46022,"05-08-2020",True
1904,27901,27-04-2020,False
1905,11782,"09-04-2021",False
1906,87298,25-12-2021,True
1907,70705,28-09-2020,False
1908,44887,"07-04-2022",False
1909,93839,16-01-2022,False
1910,77856,23-01-2021,False
1911,66747,"05-09-2020",False
1912,79393,"04-09-2022",True
1913,69714,24-12-2020,True
1914,69015,23-05-2021,False
1915,29931,22-05-2020,True
1916,56413,10-12-2020,True
1917,95175,17-10-2021,False
1918,23239,"06-12-2022",True
1919,58104,"04-10-2022",True
1920,56817,15-11-2022,False
1921,30931,16-08-2020,False
1922,85498,27-06-2020,False
1923,51546,25-08-2020,True
1924,84061,25-06-2020,False
1925,50747,19-04-2022,True
1926,96188,22-04-2021,False
1927,69634,21-02-2022,False
1928,69891,12-02-2022,False
1929,86215,13-01-2022,False
1930,13666,10-02-2022,True
1931,31837,17-05-2023,False
1932,81661,"04-08-2021",True
1933,97789,17-08-2021,True
1934,11283,13-04-2022,True
1935,18809,10-12-2020,True
1936,8563,"09-03-2023",False
1937,57737,"08-06-2023",False
1938,14623,10-12-2022,False
1939,71884,"04-09-2020",False
1940,27509,"05-09-2022",False
1941,4003,"01-11-2021",True
1942,699,17-05-2021,False
1943,91735,22-07-2020,False
1944,20319,27-01-2020,True
1945,22945,27-09-2021,False
1946,66777,13-12-2020,True
1947,44712,"01-06-2021",False
1948,2145,21-02-2021,True
1949,90050,"08-01-2023",True
1950,27270,"03-01-2021",False
1951,29851,11-06-2022,True
1952,30292,"05-11-2021",False
1953,3984,29-04-2023,False
1954,42401,11-10-2022,True
1955,89978,26-02-2021,True
1956,45094,"01-10-2022",False
1957,88623,19-01-2023,False
1958,56374,26-10-2022,True
1959,22138,25-06-2022,True
1960,68907,30-04-2022,False
1961,26165,11-05-2023,False
1962,30853,25-05-2020,True
1963,98562,11-11-2021,True
1964,34235,"01-09-2020",False
1965,28192,"02-08-2022",False
1966,29137,"08-11-2020",True
1967,50971,18-05-2020,False
1968,36453,27-04-2022,False
1969,63496,21-04-2023,True
1970,19175,31-07-2020,True
1971,57558,"07-08-2022",True
1972,43080,12-09-2022,False
1973,89986,26-04-2022,False
1974,86450,"06-06-2021",True
1975,30853,17-07-2020,False
1976,57579,10-06-2020,False
1977,69737,23-06-2020,False
1978,33738,"07-07-2022",False
1979,33479,26-07-2021,True
1980,66593,13-12-2022,True
1981,25407,"01-10-2022",True
1982,41187,16-06-2020,True
1983,43388,11-11-2022,True
1984,3512,31-03-2023,False
1985,66179,14-05-2021,True
1986,87261,23-01-2023,True
1987,8563,21-03-2023,False
1988,38175,18-06-2021,False
1989,27679,16-04-2020,False
1990,6941,"03-01-2023",True
1991,97287,"05-05-2021",True
1992,47102,16-02-2020,False
1993,70846,19-08-2020,True
1994,84747,24-12-2020,False
1995,86932,"04-02-2021",True
1996,59236,"08-07-2020",False
1997,37813,19-05-2022,False
1998,99592,18-05-2021,False
1999,75533,19-02-2020,False
2000,45883,"09-08-2020",True
2001,45306,"04-08-2021",False
2002,99166,21-12-2022,True
2003,29576,28-06-2021,False
2004,6169,"01-04-2021",False
2005,25901,14-12-2020,False
2006,56374,30-09-2022,True
2007,93048,23-12-2022,True
2008,19175,13-08-2020,True
2009,43857,12-06-2021,False
2010,15834,"03-09-2022",False
2011,58430,27-05-2023,True
2012,81112,17-06-2020,True
2013,97944,20-08-2021,True
2014,34711,"07-06-2022",True
2015,17964,"06-07-2022",False
2016,62044,"04-09-2020",False
2017,99983,18-12-2021,False
2018,82453,11-04-2021,False
2019,41856,22-05-2020,True
2020,89779,12-01-2020,False
2021,2187,30-12-2020,False
2022,13300,15-01-2022,False
2023,55185,12-04-2022,False
2024,67668,"06-02-2022",False
2025,56596,"06-06-2022",False
2026,84517,24-08-2022,False
2027,44861,26-02-2023,False
2028,71166,29-10-2021,False
2029,44841,31-08-2021,False
2030,27509,"05-09-2022",False
2031,11354,28-12-2021,False
2032,62300,12-10-2022,False
2033,95832,14-06-2022,True
2034,96188,"03-05-2021",True
2035,35401,"01-06-2021",False
2036,96188,"01-06-2021",False
2037,86690,31-05-2022,False
2038,25395,10-05-2022,True
2039,30254,"09-07-2022",True
2040,64664,13-09-2022,True
2041,81776,18-06-2020,True
2042,60031,22-02-2022,True
2043,3294,29-04-2020,False
2044,22211,20-08-2021,False
2045,43388,16-10-2022,False
2046,66118,15-01-2023,True
2047,35924,23-02-2023,True
2048,59752,20-12-2022,False
2049,93753,24-07-2021,True
2050,22263,"08-06-2020",False
2051,17638,29-10-2020,False
2052,40309,26-07-2021,True
2053,16018,21-06-2023,True
2054,65005,"07-09-2020",False
2055,22305,20-06-2021,True
2056,82338,"04-11-2020",True
2057,63068,14-12-2021,True
2058,26653,14-05-2020,False
2059,62846,26-09-2022,True
2060,57087,"09-07-2021",True
2061,31798,22-12-2021,False
2062,7851,"01-10-2022",False
2063,70429,"01-04-2023",True
2064,55475,"06-12-2021",True
2065,83240,23-01-2021,False
2066,67195,23-09-2022,False
2067,98536,"05-12-2021",True
2068,37792,13-04-2023,False
2069,78824,14-07-2022,False
2070,3852,10-05-2021,False
2071,45883,24-08-2020,True
2072,6451,"04-09-2020",True
2073,41856,22-05-2020,True
2074,70771,22-09-2022,True
2075,28254,17-09-2022,False
2076,43080,24-08-2022,True
2077,97497,17-04-2023,False
2078,77897,"03-11-2022",True
2079,24141,11-06-2021,False
2080,52460,24-02-2023,False
2081,29144,"06-06-2021",False
2082,28238,"03-01-2023",True
2083,27754,12-09-2021,False
2084,8261,30-03-2022,False
2085,28337,30-06-2022,False
2086,6276,"07-09-2020",False
2087,17716,19-07-2021,False
2088,83240,22-01-2021,False
2089,41149,28-03-2020,False
2090,53315,30-04-2021,True
2091,95704,14-07-2020,True
2092,54510,"08-07-2020",True
2093,73331,"05-02-2021",False
2094,91297,22-08-2021,True
2095,50238,29-04-2020,False
2096,27790,"08-04-2023",True
2097,13666,"03-03-2022",False
2098,74284,"01-05-2022",True
2099,16082,10-09-2022,True
2100,24511,29-04-2023,False
2101,62508,28-03-2023,True
2102,41188,19-02-2022,False
2103,91401,"06-04-2022",True
2104,25127,"01-02-2020",True
2105,89443,12-08-2020,False
2106,88402,"06-02-2022",True
2107,55185,15-05-2022,True
2108,38681,25-12-2020,True
2109,16587,30-01-2021,False
2110,14230,27-09-2020,False
2111,25901,17-11-2020,False
2112,75894,11-04-2023,True
2113,79904,13-11-2022,True
2114,40652,10-08-2021,False
2115,43256,24-01-2021,False
2116,94291,19-11-2022,False
2117,18097,"04-03-2023",True
2118,90569,"06-07-2022",False
2119,26004,"02-03-2020",True
2120,14150,11-10-2020,False
2121,44608,"09-12-2022",True
2122,5719,13-10-2022,False
2123,65605,"02-11-2020",True
2124,44536,11-09-2022,True
2125,73092,23-06-2020,True
2126,41411,"05-02-2020",True
2127,18988,25-04-2021,True
2128,33969,"09-05-2022",True
2129,6169,21-04-2021,True
2130,81087,29-01-2022,True
2131,44496,13-05-2023,True
2132,13006,22-05-2023,False
2133,50556,"01-10-2020",False
2134,88752,21-10-2020,True
2135,31858,"08-03-2022",True
2136,85056,"04-07-2020",False
2137,12027,30-04-2023,False
2138,16852,"08-04-2021",False
2139,49564,20-09-2020,False
2140,55201,"09-02-2023",True
2141,24594,"07-11-2022",True
2142,46970,"03-09-2021",False
2143,62123,23-03-2021,False
2144,12113,16-11-2020,False
2145,82398,18-11-2020,False
2146,17909,26-02-2020,False
2147,14624,22-08-2022,True
2148,62228,12-12-2022,True
2149,50671,19-03-2023,False
2150,48911,26-04-2023,True
2151,73067,26-04-2021,True
2152,89120,17-04-2021,False
2153,12171,"01-04-2020",True
2154,97326,14-07-2022,False
2155,68778,"03-02-2023",False
2156,60830,19-06-2021,False
2157,68161,25-03-2022,False
2158,60671,29-06-2021,False
2159,76646,"09-08-2022",False
2160,32681,"09-01-2023",False
2161,67668,14-02-2022,False
2162,91024,16-03-2023,False
2163,67087,17-07-2022,False
2164,23337,"01-12-2021",False
2165,83240,21-01-2021,True
2166,7778,27-01-2022,True
2167,66578,30-03-2022,False
2168,83240,"07-02-2021",False
2169,76070,13-08-2022,False
2170,60034,26-11-2020,True
2171,75264,24-05-2022,True
2172,25395,"09-05-2022",True
2173,30763,27-03-2020,True
2174,36718,22-06-2022,True
2175,52488,24-02-2021,True
2176,65982,18-10-2020,False
2177,48973,25-01-2023,True
2178,6148,27-04-2020,True
2179,36550,18-12-2021,True
2180,6587,17-01-2022,False
2181,42584,10-11-2022,False
2182,71215,28-12-2022,False
2183,92937,20-01-2021,False
2184,86690,16-05-2022,False
2185,97326,"04-07-2022",False
2186,73609,28-08-2021,False
2187,69956,"04-12-2020",False
2188,36011,"07-01-2022",False
2189,89031,24-04-2021,True
2190,41663,23-01-2020,False
2191,84956,"04-01-2023",False
2192,23116,11-07-2021,True
2193,8105,15-04-2023,False
2194,7968,15-02-2020,True
2195,7061,10-12-2020,True
2196,17123,25-02-2020,True
2197,61745,27-03-2023,False
2198,20849,20-10-2022,False
2199,39786,18-06-2021,True
2200,4639,"09-08-2021",False
2201,12171,27-02-2020,False
2202,44381,"01-08-2022",False
2203,65636,31-03-2023,True
2204,23950,"07-04-2022",True
2205,31227,"06-05-2020",False
2206,69731,21-04-2023,False
2207,51243,23-03-2021,True
2208,70797,15-12-2022,True
2209,636,18-05-2021,False
2210,30346,"04-02-2023",True
2211,86045,12-06-2021,False
2212,18741,17-04-2020,True
2213,42523,14-06-2021,False
2214,91735,"09-07-2020",False
2215,87402,"02-06-2022",False
2216,56790,21-04-2023,False
2217,34525,23-12-2022,True
2218,51546,25-08-2020,False
2219,38655,16-04-2021,False
2220,18988,"01-05-2021",False
2221,7832,12-05-2022,True
2222,31767,13-03-2020,False
2223,79297,27-03-2020,False
2224,94733,30-05-2020,False
2225,35771,23-06-2020,True
2226,25963,23-02-2023,False
2227,53958,27-05-2023,True
2228,69786,18-02-2022,False
2229,62633,27-05-2020,True
2230,9081,30-03-2021,True
2231,80614,"03-04-2023",True
2232,30254,24-07-2022,True
2233,84061,"04-07-2020",True
2234,40814,22-03-2021,True
2235,94398,16-10-2021,True
2236,56371,"01-01-2023",True
2237,59804,"01-10-2020",False
2238,74182,19-03-2022,True
2239,87587,14-05-2022,False
2240,8609,"07-04-2023",False
2241,3603,30-07-2022,True
2242,5207,20-08-2022,True
2243,42649,"06-06-2020",False
2244,97944,11-09-2021,False
2245,52341,"03-09-2021",False
2246,85303,25-10-2020,True
2247,33596,15-05-2020,True
2248,30165,31-10-2021,True
2249,36661,27-09-2021,True
2250,93213,20-04-2021,True
2251,30075,19-06-2020,True
2252,67431,28-03-2022,False
2253,297,"04-03-2020",False
2254,83338,"07-05-2023",False
2255,36550,"01-12-2021",False
2256,276,"01-07-2022",True
2257,75968,21-10-2020,False
2258,89399,18-02-2023,False
2259,48911,16-05-2023,False
2260,59518,27-03-2021,False
2261,85056,12-07-2020,True
2262,24543,"04-07-2022",True
2263,61745,14-03-2023,False
2264,47779,"04-12-2022",True
2265,37661,20-04-2022,True
2266,51030,"07-03-2020",False
2267,57238,29-01-2020,False
2268,78890,17-04-2023,False
2269,5386,"05-10-2022",True
2270,52171,"06-12-2022",False
2271,4945,31-07-2021,True
2272,40413,28-11-2022,True
2273,36534,21-08-2021,True
2274,95118,20-12-2021,True
2275,68019,16-11-2022,True
2276,97187,15-08-2020,True
2277,58265,"08-06-2020",False
2278,33035,15-06-2021,False
2279,75464,"09-07-2020",False
2280,62756,26-08-2021,True
2281,51448,24-05-2023,False
2282,69895,25-05-2022,True
2283,32423,24-07-2020,True
2284,11016,27-05-2020,True
2285,50359,"06-12-2022",True
2286,28331,"01-08-2020",True
2287,36759,16-04-2022,False
2288,51378,24-02-2020,True
2289,39664,"04-03-2020",False
2290,18809,10-12-2020,False
2291,46695,"02-10-2021",False
2292,50972,22-01-2023,True
2293,70915,23-11-2021,True
2294,66730,29-07-2022,True
2295,94753,22-12-2022,False
2296,66301,19-08-2020,False
2297,53315,20-05-2021,True
2298,60300,21-04-2023,False
2299,52657,22-06-2022,True
2300,28425,"03-05-2022",False
2301,8407,16-10-2021,False
2302,84589,15-09-2021,False
2303,50121,"01-09-2022",True
2304,65271,25-09-2020,False
2305,16758,12-04-2022,False
2306,95455,15-04-2023,True
2307,99662,"05-11-2022",False
2308,32423,15-07-2020,True
2309,93611,14-12-2020,False
2310,37049,18-08-2021,True
2311,70731,"03-03-2020",False
2312,16658,21-07-2021,False
2313,49505,21-02-2022,False
2314,16001,10-07-2021,True
2315,95824,"02-04-2021",False
2316,15291,18-01-2021,False
2317,26995,24-06-2021,True
2318,46893,14-09-2021,True
2319,48569,22-03-2022,True
2320,16790,"04-10-2021",True
2321,7412,12-09-2021,True
2322,7311,"04-03-2021",False
2323,55367,22-08-2021,False
2324,99465,26-07-2020,True
2325,95832,21-05-2022,False
2326,55100,17-11-2020,False
2327,7832,14-05-2022,False
2328,96664,22-04-2022,False
2329,57667,"05-02-2023",True
2330,82572,19-03-2020,True
2331,71355,25-02-2021,True
2332,39536,"05-05-2020",True
2333,88230,"01-09-2022",True
2334,94608,29-07-2022,False
2335,94797,"05-08-2020",True
2336,14516,13-10-2021,True
2337,17377,18-04-2023,True
2338,17514,29-05-2022,False
2339,29795,24-07-2021,False
2340,6913,22-12-2022,False
2341,28436,27-12-2020,True
2342,3493,27-05-2022,False
2343,22853,19-10-2021,False
2344,7624,"04-08-2020",False
2345,92538,18-01-2023,True
2346,26653,23-06-2020,True
2347,26620,28-09-2020,True
2348,60072,27-02-2023,False
2349,14041,31-07-2022,True
2350,85331,22-10-2022,False
2351,62668,23-03-2020,False
2352,78021,"07-03-2021",True
2353,71261,"08-06-2022",False
2354,99315,20-10-2020,False
2355,94009,"02-06-2021",False
2356,45606,"08-02-2022",False
2357,55123,31-01-2023,False
2358,59270,11-09-2020,False
2359,79434,14-04-2021,False
2360,80115,"03-04-2022",True
2361,50359,"02-01-2023",True
2362,91131,"01-11-2022",False
2363,44088,"06-10-2021",True
2364,93977,27-06-2021,True
2365,89779,24-01-2020,True
2366,79413,"01-08-2022",False
2367,70678,30-03-2022,True
2368,10723,"08-12-2020",True
2369,28254,19-10-2022,False
2370,83778,16-12-2020,True
2371,83369,"09-09-2021",False
2372,98536,23-12-2021,True
2373,57406,"05-03-2022",True
2374,60151,13-05-2021,True
2375,91401,14-04-2022,False
2376,63496,12-05-2023,True
2377,45221,22-08-2022,True
2378,27279,20-11-2022,True
2379,15470,"08-12-2021",True
2380,91834,15-11-2022,False
2381,69264,16-04-2022,False
2382,75027,10-03-2023,True
2383,8488,"08-03-2021",False
2384,77008,13-04-2020,True
2385,38180,"06-06-2021",False
2386,34717,17-06-2021,True
2387,3512,24-03-2023,True
2388,82663,23-05-2021,False
2389,17476,30-01-2021,False
2390,79366,22-03-2021,False
2391,34232,"02-08-2021",False
2392,40309,22-07-2021,True
2393,63496,23-04-2023,False
2394,93048,29-11-2022,True
2395,70004,"05-11-2020",True
2396,31230,26-01-2021,True
2397,12011,13-04-2023,True
2398,23791,26-04-2022,True
2399,2093,19-08-2021,False
2400,42737,14-05-2022,False
2401,35073,31-08-2021,True
2402,59855,21-12-2021,False
2403,47171,"07-02-2022",True
2404,64549,31-03-2023,True
2405,8696,"08-07-2021",False
2406,50482,25-04-2022,True
2407,10894,27-06-2022,False
2408,4209,"03-02-2022",False
2409,1502,18-07-2020,False
2410,64811,17-09-2021,True
2411,7513,21-07-2020,False
2412,61808,16-04-2022,False
2413,47012,10-03-2021,True
2414,7833,29-09-2020,True
2415,45264,28-07-2020,True
2416,27523,25-09-2021,False
2417,81722,23-09-2020,True
2418,9379,15-02-2021,False
2419,41155,27-04-2021,False
2420,50301,"04-09-2020",False
2421,80128,"08-10-2021",False
2422,43566,26-05-2022,False
2423,20936,11-11-2021,False
2424,10014,25-04-2023,False
2425,48959,16-04-2023,True
2426,69611,"01-05-2022",True
2427,72695,25-03-2022,False
2428,13930,14-02-2020,True
2429,18644,"07-10-2021",False
2430,932,26-08-2022,True
2431,7179,24-05-2022,True
2432,71898,14-02-2023,True
2433,96909,21-08-2021,True
2434,63496,25-03-2023,False
2435,55749,13-01-2022,True
2436,5719,17-11-2022,False
2437,48706,10-09-2020,True
2438,53704,28-10-2022,True
2439,75535,20-01-2021,False
2440,46522,29-03-2022,False
2441,9114,12-01-2021,True
2442,97187,28-07-2020,True
2443,28584,10-03-2021,False
2444,25987,"09-05-2022",False
2445,90079,19-08-2021,True
2446,36011,15-01-2022,True
2447,30026,"08-04-2022",False
2448,91719,10-05-2023,True
2449,92081,"02-04-2023",True
2450,36414,"09-03-2023",True
2451,96027,27-07-2022,True
2452,4916,16-10-2022,False
2453,59345,"06-08-2022",False
2454,3603,28-07-2022,False
2455,35018,10-09-2021,True
2456,23102,"07-11-2021",True
2457,2057,24-07-2021,True
2458,51712,"09-10-2020",False
2459,61426,23-09-2020,False
2460,28331,23-06-2020,True
2461,16730,25-07-2020,False
2462,4875,19-04-2022,True
2463,52488,"07-03-2021",False
2464,75604,26-09-2021,True
2465,48565,"07-07-2021",True
2466,67153,21-01-2022,False
2467,33738,"08-06-2022",True
2468,22768,28-01-2023,True
2469,14392,26-03-2021,False
2470,9558,22-07-2020,False
2471,31424,14-07-2020,True
2472,62923,15-05-2022,True
2473,29637,21-02-2022,False
2474,95229,10-10-2022,False
2475,16417,13-05-2021,True
2476,51586,"02-05-2023",False
2477,30165,16-11-2021,False
2478,3603,23-07-2022,False
2479,48836,"01-03-2020",False
2480,83665,27-12-2020,True
2481,76033,31-03-2020,False
2482,88196,15-04-2022,False
2483,3294,21-03-2020,True
2484,97,"07-06-2021",True
2485,15515,20-10-2022,False
2486,30966,21-10-2021,False
2487,61680,25-12-2020,False
2488,89986,26-04-2022,True
2489,66425,11-08-2022,True
2490,67595,25-06-2022,False
2491,61680,"02-12-2020",True
2492,69613,"04-01-2021",True
2493,74263,"08-07-2022",True
2494,70699,"04-09-2021",False
2495,65753,"06-05-2022",False
2496,81695,"08-05-2023",True
2497,6587,27-12-2021,False
2498,51191,20-11-2022,True
2499,84061,23-05-2020,True
2500,41210,17-08-2021,True
2501,61745,21-02-2023,True
2502,84956,28-12-2022,False
2503,61272,"09-01-2021",True
2504,70691,19-08-2022,False
2505,58824,26-10-2020,False
2506,44191,"09-05-2021",False
2507,9672,"06-11-2021",True
2508,16669,22-02-2022,True
2509,88833,13-04-2023,True
2510,21230,11-01-2023,False
2511,50388,20-05-2020,True
2512,32226,19-03-2023,True
2513,99757,21-05-2021,False
2514,23950,10-05-2022,False
2515,7619,"09-01-2021",True
2516,55543,17-12-2020,True
2517,83785,14-03-2023,True
2518,3235,"09-11-2020",True
2519,51885,17-07-2021,True
2520,91719,28-04-2023,True
2521,35136,10-09-2022,True
2522,33834,"05-07-2020",False
2523,97243,25-12-2022,False
2524,94797,21-07-2020,True
2525,64165,13-02-2022,True
2526,62955,"04-01-2022",False
2527,70927,"06-09-2021",False
2528,14779,"05-02-2020",False
2529,75027,"04-02-2023",True
2530,69518,27-08-2021,False
2531,91605,29-09-2022,False
2532,58430,15-05-2023,True
2533,45264,23-07-2020,True
2534,3693,25-02-2021,True
2535,87461,21-03-2023,True
2536,22425,"09-05-2021",True
2537,5273,29-06-2022,True
2538,90987,28-07-2021,True
2539,53271,"08-10-2021",True
2540,20435,10-11-2022,False
2541,3616,20-11-2020,True
2542,71817,"06-02-2022",False
2543,27555,18-02-2022,True
2544,56992,"06-05-2020",False
2545,6715,17-02-2022,True
2546,49712,14-01-2022,False
2547,62368,19-12-2020,False
2548,67818,11-06-2023,True
2549,86167,28-03-2023,False
2550,58059,28-02-2021,False
2551,65271,27-08-2020,True
2552,78706,15-10-2020,False
2553,96026,"04-08-2022",False
2554,2702,"08-11-2020",True
2555,95732,"01-04-2023",True
2556,67018,22-06-2021,True
2557,71233,19-07-2021,True
2558,51191,23-10-2022,False
2559,29489,30-05-2022,False
2560,11779,24-06-2020,False
2561,65071,10-09-2021,True
2562,29931,18-05-2020,True
2563,13666,"03-03-2022",False
2564,5868,"05-10-2021",False
2565,49153,21-04-2021,False
2566,89030,14-06-2020,False
2567,87895,14-05-2022,True
2568,85612,"07-01-2021",False
2569,8436,12-02-2021,False
2570,41225,23-12-2021,True
2571,99969,31-07-2022,True
2572,99381,"04-11-2022",False
2573,68980,"08-10-2021",True
2574,2390,"09-10-2021",False
2575,54065,18-03-2020,False
2576,64427,10-03-2020,False
2577,56374,"05-10-2022",True
2578,66243,"03-06-2020",True
2579,39536,15-05-2020,False
2580,64427,26-03-2020,False
2581,35136,"06-09-2022",False
2582,93766,24-07-2021,True
2583,30217,25-07-2022,False
2584,31960,"02-12-2021",False
2585,71817,"04-03-2022",False
2586,49597,19-09-2020,False
2587,16146,11-03-2022,True
2588,60300,21-03-2023,True
2589,823,13-08-2022,True
2590,74933,12-01-2021,False
2591,50100,13-01-2021,True
2592,82183,28-06-2022,False
2593,75027,17-02-2023,False
2594,34702,31-10-2020,False
2595,10506,"08-05-2023",False
2596,58104,"04-10-2022",False
2597,96541,22-02-2022,False
2598,8189,15-12-2021,False
2599,40914,15-09-2022,False
2600,35073,16-10-2021,False
2601,56817,"08-11-2022",True
2602,24806,10-02-2021,False
2603,57769,"02-12-2021",True
2604,17476,18-01-2021,True
2605,24970,28-01-2023,False
2606,64285,30-10-2021,False
2607,42051,22-02-2023,False
2608,11207,29-11-2020,True
2609,62044,"09-09-2020",False
2610,42523,19-06-2021,True
2611,694,11-06-2022,False
2612,83399,11-03-2022,False
2613,26408,18-07-2022,True
2614,77008,23-03-2020,True
2615,31043,14-09-2020,False
2616,81099,20-02-2021,True
2617,66077,10-07-2022,False
2618,59908,10-02-2022,False
2619,66855,31-05-2021,False
2620,87896,17-01-2022,False
2621,38135,"07-06-2022",False
2622,38545,"08-01-2023",False
2623,35077,11-04-2023,True
2624,69797,"08-11-2020",False
2625,88731,19-12-2022,True
2626,73251,"09-06-2021",True
2627,51546,19-08-2020,True
2628,38655,13-03-2021,False
2629,93884,"09-03-2022",True
2630,72626,"03-06-2022",True
2631,34768,30-06-2021,True
2632,99305,"06-06-2023",True
2633,26225,25-01-2023,True
2634,61272,"06-02-2021",True
2635,9575,"04-06-2020",False
2636,10558,13-09-2020,False
2637,40309,"09-08-2021",False
2638,82118,11-01-2021,False
2639,27140,22-08-2022,False
2640,83369,"05-10-2021",True
2641,86034,27-03-2021,False
2642,181,"04-05-2020",False
2643,75351,26-01-2023,True
2644,28874,27-05-2022,False
2645,1855,22-11-2021,False
2646,22376,"07-10-2022",False
2647,97756,14-06-2023,True
2648,27144,"03-11-2021",False
2649,92081,16-03-2023,True
2650,82401,21-05-2023,False
2651,57579,10-05-2020,True
2652,15291,12-01-2021,True
2653,55475,28-10-2021,True
2654,6912,29-04-2023,True
2655,83399,"09-04-2022",False
2656,19112,19-06-2022,True
2657,7949,13-01-2023,True
2658,181,"01-06-2020",False
2659,57901,"01-06-2023",True
2660,17713,"08-06-2022",True
2661,3264,"09-05-2020",True
2662,85153,21-07-2020,False
2663,67621,22-07-2022,True
2664,99969,"03-08-2022",False
2665,62228,14-12-2022,True
2666,72271,"01-09-2021",False
2667,26289,16-01-2021,False
2668,49154,15-09-2021,True
2669,24594,25-11-2022,False
2670,96909,"07-07-2021",True
2671,92338,16-01-2021,True
2672,76394,"06-07-2020",False
2673,42374,12-12-2021,False
2674,35305,23-07-2021,True
2675,96772,"04-03-2023",True
2676,73488,"07-07-2021",True
2677,55123,31-01-2023,False
2678,237,13-01-2022,True
2679,50046,16-09-2020,True
2680,89285,31-08-2020,False
2681,59820,20-05-2021,True
2682,27399,"03-07-2020",False
2683,60158,14-03-2022,True
2684,20438,"09-12-2021",True
2685,22866,17-01-2021,True
2686,40453,14-09-2020,True
2687,62955,"08-12-2021",False
2688,67404,28-06-2022,True
2689,31335,10-03-2022,True
2690,34678,16-01-2021,False
2691,98299,"03-01-2022",False
2692,69613,30-12-2020,True
2693,82907,21-05-2022,False
2694,33561,28-06-2020,True
2695,14385,24-02-2021,False
2696,69863,11-04-2021,True
2697,30707,"03-12-2021",False
2698,49863,16-05-2021,True
2699,33363,"04-04-2020",False
2700,29144,15-07-2021,True
2701,17677,22-10-2022,False
2702,20673,27-09-2021,False
2703,2514,22-04-2023,False
2704,66724,"09-02-2022",False
2705,16587,"02-02-2021",True
2706,39580,"08-10-2022",True
2707,5119,12-12-2022,True
2708,67989,30-04-2022,True
2709,81463,25-12-2022,True
2710,95175,19-09-2021,False
2711,50747,24-03-2022,False
2712,22841,"02-02-2022",False
2713,18465,19-12-2020,True
2714,25276,21-08-2022,False
2715,17389,22-09-2020,False
2716,6941,19-01-2023,True
2717,45452,"08-07-2021",False
2718,66179,25-04-2021,False
2719,83665,"08-12-2020",True
2720,6738,10-01-2022,False
2721,35401,"09-04-2021",True
2722,47386,"05-11-2022",True
2723,31043,22-09-2020,True
2724,57329,26-10-2020,True
2725,68446,20-12-2020,False
2726,48959,"03-05-2023",False
2727,41210,15-08-2021,False
2728,12162,18-07-2020,True
2729,95175,28-09-2021,False
2730,63793,12-05-2021,True
2731,98133,"09-02-2023",False
2732,49025,16-08-2022,True
2733,74182,"02-03-2022",False
2734,95765,25-06-2022,False
2735,78991,16-08-2022,False
2736,17306,"01-10-2022",False
2737,84558,12-12-2021,True
2738,28425,22-05-2022,True
2739,64581,"06-02-2021",True
2740,90298,"09-09-2022",True
2741,7624,"09-07-2020",True
2742,181,26-04-2020,True
2743,31981,10-11-2020,True
2744,60576,25-03-2020,True
2745,74062,"09-12-2022",True
2746,40607,15-02-2021,False
2747,80748,"04-11-2021",False
2748,72953,"07-04-2023",True
2749,48772,11-02-2021,False
2750,13310,23-10-2020,False
2751,52259,"01-04-2021",True
2752,87402,12-06-2022,False
2753,39953,16-09-2022,True
2754,76664,28-06-2021,False
2755,2841,27-12-2022,False
2756,76070,30-06-2022,True
2757,26620,15-08-2020,False
2758,53271,13-10-2021,True
2759,69122,10-02-2022,True
2760,34678,"04-01-2021",True
2761,37120,21-04-2020,False
2762,38877,"06-06-2021",True
2763,58430,"09-05-2023",True
2764,72575,19-12-2022,False
2765,92384,18-03-2023,False
2766,20848,16-01-2023,True
2767,32053,11-09-2022,True
2768,79692,28-10-2021,False
2769,71817,25-02-2022,True
2770,49014,26-08-2020,False
2771,24281,"04-05-2021",False
2772,18530,"06-08-2020",True
2773,62911,27-11-2020,False
2774,82118,12-01-2021,False
2775,12574,"05-04-2022",True
2776,58430,14-05-2023,True
2777,44263,19-11-2022,False
2778,13134,23-07-2021,True
2779,69015,26-05-2021,False
2780,39273,21-10-2021,True
2781,78742,17-02-2023,False
2782,16299,10-11-2020,False
2783,67526,12-08-2022,False
2784,74355,25-08-2021,True
2785,67818,20-05-2023,False
2786,82401,18-04-2023,False
2787,65636,"09-04-2023",True
2788,40204,"08-02-2020",False
2789,38006,11-04-2021,True
2790,40003,10-06-2021,True
2791,70805,16-01-2022,True
2792,50482,23-03-2022,True
2793,58872,15-03-2020,True
2794,3984,24-05-2023,False
2795,40003,25-07-2021,True
2796,7326,10-01-2022,False
2797,72525,13-12-2020,True
2798,61426,"03-11-2020",True
2799,92211,21-04-2022,False
2800,15660,10-05-2023,True
2801,28302,22-06-2020,True
2802,73112,21-08-2020,False
2803,83017,20-07-2021,True
2804,38002,28-02-2022,False
2805,91646,15-07-2022,False
2806,43566,"02-06-2022",False
2807,29144,"02-08-2021",False
2808,52435,24-01-2022,False
2809,46868,17-11-2021,True
2810,85157,15-02-2021,True
2811,47041,19-06-2022,False
2812,88252,13-03-2021,False
2813,379,"03-07-2022",False
2814,7974,"02-04-2020",True
2815,81056,16-05-2023,False
2816,71755,14-08-2022,False
2817,44588,25-03-2021,True
2818,45010,"09-01-2023",False
2819,78706,"08-09-2020",True
2820,22534,29-12-2021,False
2821,50998,22-10-2021,True
2822,23636,"06-03-2022",False
2823,63941,"07-08-2021",True
2824,86215,"07-02-2022",True
2825,55475,15-10-2021,True
2826,22296,"09-07-2020",True
2827,94882,12-02-2021,False
2828,85053,14-12-2022,True
2829,9710,30-10-2021,False
2830,24676,"02-10-2022",True
2831,54065,"04-04-2020",False
2832,70248,12-01-2023,True
2833,68019,14-11-2022,False
2834,85612,"09-12-2020",False
2835,46476,"08-05-2021",False
2836,88230,28-08-2022,True
2837,21661,24-05-2020,False
2838,63326,27-06-2022,False
2839,13269,21-10-2021,False
2840,9940,27-04-2020,True
2841,53264,16-01-2021,True
2842,74423,"08-10-2022",True
2843,49683,26-12-2022,False
2844,22861,22-11-2022,True
2845,52171,27-11-2022,True
2846,77626,"03-08-2022",False
2847,85498,23-06-2020,True
2848,27523,29-09-2021,True
2849,31783,"04-07-2022",False
2850,66023,"06-10-2021",False
2851,85946,26-03-2020,False
2852,18741,19-04-2020,False
2853,87218,25-07-2021,True
2854,43080,25-09-2022,True
2855,54204,22-05-2020,True
2856,40122,21-10-2022,True
2857,99043,10-06-2020,True
2858,8189,30-11-2021,False
2859,44228,24-12-2020,False
2860,87563,16-06-2020,True
2861,66118,21-12-2022,True
2862,96245,22-05-2021,True
2863,99710,"04-03-2020",True
2864,49225,27-01-2021,False
2865,26165,16-03-2023,False
2866,81484,13-10-2021,False
2867,35201,17-09-2022,True
2868,57332,12-11-2022,True
2869,53259,18-08-2022,True
2870,11503,"06-04-2020",True
2871,30197,20-04-2020,True
2872,55185,14-05-2022,True
2873,59752,"02-12-2022",True
2874,65636,27-03-2023,True
2875,70003,13-05-2023,False
2876,47189,29-09-2022,False
2877,99708,14-05-2020,True
2878,60461,25-11-2022,False
2879,93862,22-05-2021,True
2880,12004,30-08-2022,True
2881,44479,"05-04-2022",True
2882,25966,"05-06-2020",False
2883,99381,25-10-2022,True
2884,91221,"08-06-2022",False
2885,97368,16-05-2021,True
2886,68587,24-01-2023,True
2887,32201,19-02-2020,False
2888,36816,18-12-2021,True
2889,39580,13-09-2022,True
2890,76394,26-06-2020,False
2891,28254,"06-10-2022",False
2892,5251,25-02-2021,False
2893,39083,21-10-2020,True
2894,16898,22-01-2023,True
2895,31517,10-03-2020,False
2896,99062,14-11-2022,False
2897,29569,18-03-2022,True
2898,58298,24-08-2022,True
2899,73748,21-06-2021,True
2900,5119,22-01-2023,False
2901,21334,"05-06-2023",False
2902,7326,12-01-2022,True
2903,48413,26-09-2021,True
2904,60470,30-11-2020,True
2905,94358,"02-12-2021",True
2906,33181,20-04-2023,True
2907,18048,13-01-2023,False
2908,65219,24-10-2021,False
2909,32288,15-03-2023,False
2910,2024,24-10-2021,False
2911,75881,28-10-2020,False
2912,80291,"06-10-2021",True
2913,42567,17-10-2021,True
2914,12243,21-07-2022,False
2915,61990,21-05-2023,False
2916,85243,24-10-2022,False
2917,25901,13-01-2021,True
2918,57036,"04-01-2022",False
2919,84162,"06-11-2021",False
2920,38175,"04-07-2021",True
2921,1095,25-09-2022,False
2922,78299,"06-10-2020",False
2923,86862,28-11-2022,False
2924,60470,19-10-2020,False
2925,64475,"08-02-2020",True
2926,20435,"02-10-2022",True
2927,17638,11-10-2020,False
2928,5191,14-04-2023,True
2929,98129,30-11-2021,True
2930,15843,29-08-2021,False
2931,94871,10-09-2021,True
2932,98703,30-11-2020,False
2933,12050,24-03-2023,False
2934,92836,22-09-2021,True
2935,24720,24-10-2021,False
2936,45996,27-04-2021,True
2937,30165,12-11-2021,True
2938,61990,13-04-2023,True
2939,23597,"07-03-2020",False
2940,58022,"01-02-2021",True
2941,27518,29-06-2020,True
2942,88567,28-04-2020,True
2943,97899,12-07-2022,True
2944,5139,29-07-2022,False
2945,1868,"09-06-2022",False
2946,53264,"06-02-2021",False
2947,70927,14-10-2021,False
2948,44608,26-12-2022,False
2949,96245,13-05-2021,False
2950,59505,"05-06-2023",False
2951,89719,10-08-2022,True
2952,15192,20-12-2022,False
2953,16081,"09-01-2023",False
2954,30763,16-04-2020,False
2955,79371,15-05-2020,False
2956,9488,29-12-2021,False
2957,87992,"03-08-2020",False
2958,83583,19-09-2020,True
2959,27049,25-02-2023,False
2960,38684,"07-11-2021",False
2961,46426,19-06-2022,False
2962,89428,11-04-2021,True
2963,45289,"06-11-2021",False
2964,57190,26-12-2020,True
2965,6276,"03-09-2020",False
2966,37895,17-03-2021,False
2967,70912,"04-04-2021",False
2968,96810,11-05-2022,True
2969,13269,25-09-2021,True
2970,59418,12-11-2020,False
2971,82248,"05-02-2023",True
2972,37813,"07-05-2022",True
2973,87475,22-01-2023,True
2974,88567,10-04-2020,True
2975,3488,20-09-2022,True
2976,58516,14-08-2020,False
2977,50747,23-04-2022,False
2978,89182,10-06-2020,True
2979,82517,14-12-2020,True
2980,14516,11-11-2021,True
2981,58306,"07-10-2022",False
2982,16803,16-08-2021,True
2983,22327,15-08-2020,False
2984,22674,16-03-2022,True
2985,69891,10-02-2022,True
2986,25987,12-05-2022,False
2987,35442,"08-06-2021",True
2988,1055,"06-08-2022",False
2989,99662,"09-12-2022",True
2990,636,"08-04-2021",False
2991,42034,16-08-2022,True
2992,28249,"06-10-2022",False
2993,85153,"09-07-2020",False
2994,94753,21-12-2022,False
2995,66503,22-04-2020,False
2996,53509,24-06-2020,True
2997,6913,13-12-2022,True
2998,63735,30-09-2020,False
2999,59820,21-05-2021,False
3000,22853,20-09-2021,False
3001,21194,"02-12-2021",False
3002,78248,23-09-2020,False
3003,9710,22-10-2021,False
3004,43781,13-07-2020,True
3005,99043,27-06-2020,False
3006,87023,26-07-2022,True
3007,62123,"06-03-2021",False
3008,87470,10-02-2023,False
3009,9558,23-06-2020,True
3010,96664,22-04-2022,True
3011,72980,25-09-2020,True
3012,77856,18-01-2021,False
3013,58872,21-03-2020,False
3014,62123,16-03-2021,True
3015,20063,20-04-2021,True
3016,30763,21-05-2020,True
3017,52886,15-05-2022,False
3018,54754,14-05-2023,True
3019,66425,"08-08-2022",False
3020,4365,29-05-2023,False
3021,91401,22-04-2022,False
3022,42411,23-12-2021,False
3023,75055,28-01-2021,True
3024,45544,28-08-2020,True
3025,74423,13-11-2022,False
3026,69714,18-12-2020,False
3027,22453,11-03-2023,True
3028,25907,22-04-2021,True
3029,70109,21-10-2021,True
3030,13300,"02-12-2021",True
3031,42812,"01-07-2021",True
3032,84976,27-01-2021,False
3033,85053,"04-01-2023",True
3034,45264,26-06-2020,False
3035,21804,"09-11-2020",False
3036,11888,17-02-2021,False
3037,20798,10-03-2021,False
3038,69737,26-06-2020,True
3039,31823,"04-04-2020",True
