order_id,product_id,amount
52414,4,33
73440,3,50
39895,9,5
78025,14,8
36414,8,39
59491,12,22
17514,12,34
7695,4,21
24594,5,22
56277,2,31
92384,12,1
63941,12,18
62300,12,21
47241,10,15
37748,14,9
89307,6,14
5207,8,31
49863,14,28
32053,11,3
22012,4,8
14452,12,32
76330,14,47
23821,12,4
8509,4,50
62368,15,25
64082,12,15
66320,9,39
87521,3,10
82238,4,27
15224,12,4
15258,11,4
89980,10,16
70207,8,47
81463,4,1
10801,13,4
325,11,2
22138,15,40
42888,15,34
32245,6,40
14392,12,30
3166,9,10
21210,8,28
71168,1,14
34991,11,42
69936,9,13
13271,2,49
20435,12,26
25305,13,31
39536,9,7
69863,1,42
68446,10,46
74651,4,30
52377,1,30
45010,13,32
46480,9,26
31452,14,25
30764,5,9
41411,10,50
68943,5,33
97899,12,1
43915,12,25
84517,7,10
55466,4,17
768,4,39
24594,14,45
2841,5,21
85867,2,21
37552,3,20
181,14,37
23178,4,6
27814,2,44
23791,13,21
73205,11,7
75387,15,30
90310,2,44
89694,12,12
66425,9,2
43893,11,25
57737,7,43
58022,11,31
48576,1,6
90219,12,31
29628,4,23
98652,5,6
23356,14,46
89009,6,35
19972,1,48
72763,11,24
74423,11,28
51586,7,45
19349,14,45
89138,10,22
59820,5,38
37002,13,1
59499,12,9
24909,11,15
44479,2,43
6454,6,29
50972,13,32
6276,14,9
56203,4,48
70678,6,21
237,10,34
6276,2,5
40634,4,23
25169,8,38
49869,2,48
52488,7,8
6034,6,17
86392,5,5
62432,15,41
84980,6,22
16417,9,28
39659,13,9
26408,12,8
68337,9,28
39273,8,1
20595,6,20
52377,13,40
57374,13,6
47443,2,35
50677,2,45
51346,12,41
22296,6,23
9661,12,9
99166,15,20
47748,12,39
74263,5,23
18364,1,5
62300,14,10
20849,6,15
47028,5,31
40584,10,23
79605,12,29
96338,11,18
66425,1,41
52657,4,22
53264,5,39
8819,6,10
94871,3,3
6454,15,48
95455,8,25
30974,9,31
1425,4,9
56666,11,5
51346,2,40
20087,1,38
69809,4,25
64204,13,47
48023,10,26
27728,10,8
24996,5,12
92384,4,11
85730,14,29
73921,12,50
74498,5,22
4833,2,1
13042,9,19
30707,14,41
92213,15,35
71215,6,43
77269,11,46
91401,6,19
85590,15,43
31219,13,38
8979,2,23
92384,2,40
14779,2,10
88184,6,20
43801,6,16
94300,10,4
28535,8,42
21334,15,3
43998,3,15
55351,9,37
3459,14,29
27279,10,10
22305,3,14
55475,9,27
14178,12,10
75771,3,18
86761,9,4
85617,10,15
51758,2,12
5868,4,36
53343,15,24
17305,6,43
93582,10,42
12027,7,43
89484,8,28
52385,6,35
88567,14,39
32460,6,37
88143,7,7
9114,11,47
86932,14,37
16852,9,40
5673,15,39
6643,3,8
91530,13,2
5561,10,6
49095,11,14
62961,12,39
89694,14,25
50388,12,18
2702,10,27
76253,5,24
51758,7,19
26566,11,37
82979,1,19
86441,2,43
22838,2,38
71457,6,25
29569,7,6
6169,9,26
17716,9,40
181,13,18
43484,1,29
57871,9,21
59389,7,12
69445,8,20
85153,13,41
14470,4,10
93977,6,31
36509,2,2
71495,11,28
20595,15,13
42570,4,5
12113,10,20
12687,11,48
13666,13,20
59484,15,2
89428,2,6
68907,4,22
89441,12,28
87400,15,33
71202,13,11
98885,12,17
33561,15,3
40634,15,20
67402,5,28
67195,4,5
78824,8,50
63565,9,20
62854,5,12
88631,3,35
12011,12,7
7480,2,20
96442,12,3
43613,10,8
25011,2,21
92688,1,12
50388,14,9
22291,7,16
86045,12,27
49116,4,26
75084,14,6
40814,12,17
59270,8,22
63735,12,15
2557,5,17
60508,3,41
61789,12,26
56744,11,7
73771,4,20
17377,5,28
53704,15,44
42219,9,15
96140,9,14
89030,1,48
20319,2,25
35442,15,44
57256,11,20
24408,1,35
77790,6,26
75021,11,36
27509,8,40
999,3,25
38545,13,8
7631,3,6
22838,11,45
43008,4,15
88352,4,24
20319,15,35
94291,3,32
78890,14,39
53767,14,6
2024,10,34
44903,5,37
2993,4,7
59917,11,48
61492,7,39
55691,6,40
5178,8,34
68943,15,8
97838,6,41
23148,1,32
2748,11,21
52944,12,12
49153,9,44
53341,2,15
6020,4,22
17252,9,28
30292,3,1
95596,1,17
58133,9,9
45040,10,1
58872,4,1
70508,11,2
24821,15,41
71261,8,10
21210,9,2
40502,5,41
75351,1,40
76578,15,15
68704,13,35
84174,8,23
63796,12,19
82062,9,3
23239,4,14
10002,7,15
28238,13,43
7619,6,10
66224,4,40
30966,6,48
67030,3,1
36498,6,38
36453,12,33
6214,8,32
43008,7,23
27144,15,12
67581,6,50
63094,2,24
26125,12,21
38199,8,38
66513,15,28
19314,12,29
36816,5,29
20319,8,42
20228,10,20
66463,1,4
93977,1,41
50017,9,3
96991,10,46
85837,13,25
64040,3,30
56775,3,4
52944,11,28
20936,3,37
81256,12,31
25768,5,11
14950,15,3
44887,15,1
13119,7,8
17872,3,2
4626,5,41
39985,13,32
43857,12,6
16558,2,34
24970,15,34
88576,10,30
42974,10,21
61149,3,33
20087,11,13
42759,9,32
7326,1,36
83305,6,39
42796,14,39
32862,10,37
64204,3,30
89719,7,9
27144,6,30
48749,13,10
64236,5,45
98129,8,49
81020,1,43
24821,13,29
96053,7,24
80304,3,15
85053,15,1
884,8,16
53509,14,7
25990,12,10
20173,14,19
75881,1,11
75636,2,32
3335,10,14
27561,11,19
8504,13,10
16001,4,9
4833,12,30
90771,10,32
66852,1,41
42737,11,48
8764,14,21
22197,15,2
19926,4,32
66503,4,38
73348,12,50
45544,14,44
52944,3,38
10558,14,41
63359,2,43
26566,3,15
14422,13,28
12027,9,14
67014,4,17
27186,11,31
73073,14,42
6934,12,43
69015,11,23
60671,3,27
89680,9,18
53725,1,22
86438,1,46
70508,4,16
87896,2,3
69737,7,19
89980,1,25
56775,14,27
69613,13,22
46933,8,23
62955,6,25
10617,1,49
83157,11,1
95006,10,34
66179,8,3
6288,8,20
41906,5,11
71044,7,15
16898,3,44
36509,6,33
5058,7,12
33052,4,41
81917,11,38
36567,11,35
26984,6,27
769,5,23
92211,8,22
53608,13,11
45883,9,44
68907,10,36
96319,15,11
42051,1,33
99983,3,24
768,5,22
56596,7,22
99205,4,48
34678,2,27
75601,4,32
24141,3,5
33180,11,47
48231,5,30
26289,11,24
4916,13,18
62482,8,38
12011,8,45
92872,8,6
32154,3,4
75360,1,33
13006,7,25
11176,14,42
79413,12,40
9114,5,14
9710,12,33
16550,13,48
68161,14,40
74423,3,49
76769,2,28
69956,6,36
89399,1,34
69445,10,43
48291,9,21
25235,1,24
16417,1,28
57087,9,35
10723,6,50
19003,12,3
86426,8,32
61736,11,45
5787,11,12
74384,9,32
21334,5,46
56203,11,32
13029,9,18
57190,9,18
49301,13,24
12104,14,26
75055,4,26
64285,4,29
34528,8,8
40220,2,23
41415,2,30
5427,7,23
12011,7,24
72552,3,34
78982,2,43
41484,13,39
85516,9,8
85590,2,4
635,14,27
68378,1,33
37593,15,1
52422,13,23
73771,7,21
16081,4,42
43545,14,46
94652,15,20
38172,13,49
84519,10,16
67595,14,46
52302,12,44
37504,8,15
74933,3,29
25235,11,26
90068,10,47
7218,4,11
33017,9,1
772,9,43
81020,9,7
29325,3,44
21804,15,5
24594,10,29
83990,8,18
14230,2,39
768,3,34
70712,10,47
45706,10,9
7949,8,25
12335,9,44
31709,15,31
64811,8,37
55749,4,19
45342,4,10
45883,13,12
22173,13,8
1868,1,4
10617,10,43
44588,4,30
96319,1,48
32143,12,25
87402,9,24
31823,13,42
81154,11,14
18956,3,18
40607,7,46
45189,12,16
97102,8,43
24533,9,30
39076,13,33
25111,10,24
10703,12,35
20371,10,34
54728,13,30
2024,9,23
9921,5,33
59841,6,23
95455,10,2
50186,1,3
40502,3,16
30346,3,19
85871,2,14
42294,6,7
97243,15,24
10617,7,33
54436,12,35
49505,1,15
63359,6,3
96999,2,33
69786,7,2
6912,1,15
1618,3,9
99043,9,50
60120,3,11
57763,2,26
14589,15,40
66214,7,18
60136,10,41
48973,10,47
97187,15,8
19972,6,46
69264,10,9
96710,7,39
70811,9,20
26833,8,44
41210,9,36
17381,2,49
44381,10,47
43998,12,35
6169,1,49
73902,6,46
60576,12,28
25987,8,6
65219,3,4
75053,11,3
82183,7,36
1384,14,15
81303,9,44
71806,2,36
22674,12,29
81955,3,20
64165,2,37
22846,14,42
68241,2,30
33591,11,39
26468,13,15
40159,6,10
83553,4,38
28166,13,5
65801,1,30
45346,10,49
81695,5,1
70771,7,21
55090,7,28
15192,4,15
88623,13,31
75865,4,43
78329,11,29
68587,9,2
8509,15,3
91210,2,27
43329,8,28
89484,6,2
87879,3,22
60160,5,5
23685,15,42
44778,2,29
71294,15,4
62123,8,41
30231,14,12
11266,12,17
22063,15,3
23859,3,9
85871,10,2
26043,8,2
38423,4,38
15639,8,24
60830,7,11
84747,1,18
7851,9,22
54466,5,7
26225,15,29
4833,11,34
93884,11,14
62228,10,28
99708,4,23
29997,8,49
97102,15,10
59773,4,44
69634,8,50
42051,4,18
52978,5,35
72847,2,28
56413,10,24
39083,10,4
76664,7,12
25990,9,1
7832,13,40
82915,9,20
1291,12,30
74471,10,28
22545,13,40
9529,12,44
25289,5,49
79371,1,45
8407,13,10
54764,5,47
50176,5,41
28599,6,36
78052,8,19
66386,2,23
73111,14,21
44841,8,7
6034,3,31
28337,3,43
41991,3,1
90548,15,23
112,14,10
89285,3,48
13408,13,34
4131,9,19
58295,5,34
70915,4,36
53343,11,40
12099,4,11
71222,8,22
76664,14,24
93330,4,50
85794,1,31
15436,6,30
12106,15,12
65977,7,22
99868,14,12
75084,3,33
42065,10,38
17306,5,13
79605,14,24
78738,2,16
70898,6,22
18994,7,28
26252,1,13
73596,7,36
703,15,12
64208,4,23
7200,13,1
13747,15,13
32732,15,35
22534,6,12
44480,3,8
85590,4,19
47336,5,34
71234,4,13
62123,3,48
39936,8,43
37367,6,21
56203,9,11
9081,11,35
32366,6,40
42570,2,20
83729,7,49
55466,6,13
21532,14,25
59491,10,22
4166,8,22
83556,6,32
38877,13,40
82338,6,14
88833,7,25
63343,15,41
23950,5,27
18648,10,40
93611,5,32
98299,10,25
67818,13,7
16852,3,34
18644,7,32
41482,10,31
39664,1,40
84061,2,27
91283,5,36
64608,2,16
66724,7,25
77717,7,9
39863,1,38
79010,11,6
67087,14,37
62228,4,9
75055,6,1
50482,5,8
5251,9,29
92380,12,3
50972,6,47
75234,2,6
40914,6,32
64608,9,41
96899,13,6
48932,15,41
69264,2,43
38199,4,23
68557,2,15
85122,2,34
39936,4,44
90749,13,31
91419,3,38
50556,15,6
36082,15,5
88424,5,28
18530,4,34
22500,12,46
97860,7,33
42519,5,27
19576,2,34
80064,7,34
61426,2,14
12404,2,24
20063,1,17
6196,13,37
73921,2,12
32460,8,5
30636,8,26
37552,6,18
80291,11,3
60671,2,4
15079,3,24
67464,4,19
6587,11,48
10014,11,28
61949,12,21
48253,5,49
94617,11,9
87252,9,6
90749,8,6
56666,9,14
90548,7,37
27555,14,19
46695,6,3
30197,2,18
30555,6,18
35717,11,26
97860,4,10
76829,12,1
22108,7,31
31981,2,36
51378,13,6
932,7,4
47443,8,18
17920,6,7
38681,7,31
24594,15,31
19817,1,36
38199,2,18
68450,5,26
85059,9,9
68378,15,21
78752,2,33
65271,4,14
27415,4,14
38172,4,20
50469,15,6
85498,13,34
36011,4,48
22457,12,1
32260,4,43
57763,5,22
42617,2,9
91829,10,33
18520,4,41
18956,2,33
88144,12,32
9627,6,31
60470,13,4
93587,6,50
7412,12,23
43998,14,36
92533,15,1
36759,10,13
20228,4,9
59484,7,27
86215,4,17
5119,1,18
21266,5,40
77172,5,33
55509,6,10
8728,3,50
79025,1,47
61736,9,42
9948,14,4
4798,4,19
93884,15,44
22376,13,9
91226,7,20
74782,6,35
75387,13,9
1298,2,33
45010,5,32
94398,4,30
24408,10,24
72847,10,17
67785,10,3
70705,9,44
71305,9,14
95118,8,37
7326,4,12
3264,7,10
27790,11,14
22841,11,43
40634,14,29
51481,10,23
50737,10,1
24043,2,33
20363,8,13
36346,8,32
84174,12,48
16558,11,50
39438,8,19
12011,9,3
38684,7,38
41736,11,17
61149,2,30
48496,15,35
10703,14,25
69574,4,34
85173,12,37
27555,7,45
68524,2,45
35305,11,39
87494,13,50
43329,6,26
97076,15,38
10366,12,45
36718,13,12
46061,10,43
64427,10,16
82338,10,27
50972,3,49
93213,7,5
50326,2,14
28874,3,5
16340,13,27
30487,10,10
71457,8,4
70207,1,46
88926,5,21
87484,5,33
16790,6,14
64285,10,12
16417,13,40
41149,9,31
33738,12,42
32423,1,7
17252,5,9
6003,13,36
40584,1,43
48835,12,25
30853,14,25
8696,12,35
73596,6,1
66503,11,2
45094,2,32
74762,9,12
31823,8,19
16290,14,6
73586,13,14
77626,4,36
32527,3,2
10389,1,5
25395,3,11
23726,15,50
51349,4,39
70927,10,46
57452,2,2
96390,11,1
90079,12,2
64445,4,15
61220,8,6
71305,1,29
20173,9,4
99348,8,28
92255,4,12
55471,14,18
92877,2,47
42649,15,4
48569,6,25
29276,6,45
22063,3,16
30118,12,11
64285,11,11
42955,5,36
46026,8,6
40480,3,40
96027,3,18
32732,6,32
10506,2,43
9672,1,27
88918,9,26
51949,14,16
42411,3,5
8686,13,27
8645,10,50
78005,13,37
97899,9,17
52341,2,18
49301,14,28
39428,1,49
87587,8,50
35916,5,26
6716,4,47
9787,3,31
43329,15,36
6716,6,41
16715,6,45
52422,10,6
70805,9,28
56817,13,15
92255,11,44
12404,5,34
13300,9,42
96026,2,9
23124,15,29
44608,9,13
85078,10,11
86278,7,4
41313,12,24
12568,10,13
24684,3,7
86765,11,26
87107,12,50
75455,5,50
87148,3,2
57672,11,13
2557,2,42
67785,14,24
52465,14,27
59917,14,1
98703,7,33
41155,8,46
56204,4,20
76070,15,33
20848,11,17
13269,14,8
62029,8,18
8441,9,29
55367,8,31
45094,13,32
87218,9,11
2557,10,17
84113,3,4
17228,5,35
50469,5,42
57579,9,49
70691,15,11
59236,4,42
79081,5,6
64475,3,32
39155,11,20
81112,9,30
49252,3,2
19930,12,4
43893,8,6
17023,9,12
32732,14,23
61767,7,18
87958,3,28
66747,12,15
43857,13,19
66425,2,1
297,14,37
31622,2,20
27415,15,30
27649,10,49
36498,13,38
74376,11,35
6375,7,49
90229,5,32
71385,7,34
16675,14,2
30555,15,28
27609,3,42
31043,11,21
52465,4,1
32050,1,6
61808,15,21
44861,14,18
91210,3,3
30732,9,43
50677,8,28
23597,9,40
9529,6,20
73977,13,41
42219,2,19
83785,15,32
79146,9,50
8696,10,23
64040,15,12
28740,10,40
55749,6,4
80128,13,47
96027,11,5
57127,15,18
22173,14,20
11561,3,38
35849,4,37
69122,13,11
85309,7,31
31662,14,21
48879,8,44
17252,15,20
34678,1,21
48462,1,34
8764,9,13
2702,12,50
81861,15,28
45606,6,38
64792,7,8
27030,11,10
73980,9,46
48973,12,49
99969,7,14
30732,7,13
45189,13,23
7218,8,41
56648,8,40
66179,3,45
16179,5,24
83927,3,45
54610,12,45
74069,7,39
7311,10,11
75535,1,30
61774,6,11
56277,8,31
30707,5,26
29334,5,6
16837,13,2
33942,8,31
42401,14,47
45040,1,1
72543,3,33
54065,15,24
55185,12,42
13780,5,37
87540,14,50
50809,10,44
86862,7,33
39438,5,10
19974,3,15
6179,10,31
6451,8,28
79219,6,31
2993,6,48
77857,1,26
48959,12,48
52944,15,7
13580,3,13
52886,15,21
88918,14,48
14489,4,12
2093,3,18
1855,2,15
64792,3,24
73111,1,46
54047,9,10
62955,10,19
63326,3,22
55123,12,34
28425,6,11
58430,4,20
74126,13,33
63240,5,16
54893,15,20
36414,6,45
60160,10,39
89030,12,24
69786,12,13
75945,14,1
35281,14,16
49161,5,19
22108,12,10
52259,3,48
64970,13,29
51474,14,27
7558,2,45
40058,15,18
43080,14,18
76132,9,37
37748,1,29
96899,2,48
78021,3,14
76784,3,21
43650,8,26
59505,15,49
30253,13,49
30610,13,18
15651,8,22
3616,15,16
29813,5,4
68264,14,34
79434,8,33
43472,3,33
46762,9,22
17123,2,28
78248,3,37
46922,10,14
22094,9,20
82663,2,25
86862,10,38
1855,10,49
86441,14,13
87436,2,16
70903,10,41
59270,3,27
46022,2,32
18320,7,45
62482,10,35
12453,7,11
59270,6,18
31910,1,29
82685,10,7
237,4,12
42737,10,17
48360,4,23
8609,4,47
82979,10,37
38423,3,50
87402,4,46
1634,11,1
88352,8,7
82118,2,46
69021,5,4
44381,6,42
13271,5,22
39081,5,48
42955,6,28
22211,4,28
26274,4,34
24892,6,17
19029,7,43
72859,14,47
13877,6,39
18097,5,49
97899,6,46
94527,14,35
85858,12,12
35073,12,33
82398,5,46
15891,1,47
48769,5,49
36011,3,13
38758,13,6
52341,1,30
47028,2,10
3836,6,13
89031,9,4
61347,7,20
73112,12,37
68231,10,40
85378,13,22
66077,9,4
77925,1,1
74933,8,35
45264,15,20
17964,8,34
87540,1,31
6169,12,33
98832,15,24
95824,15,12
26989,3,14
21196,6,42
49402,2,49
72859,13,8
22305,2,29
81484,10,46
52067,9,11
83932,12,46
93213,8,12
85837,1,37
39693,11,8
78742,4,19
78052,6,29
57452,7,22
87765,15,20
88196,3,27
84356,11,8
54065,11,45
72729,14,1
18520,13,27
57558,9,14
57332,5,36
71222,14,20
81277,11,32
59654,1,42
42294,8,13
66320,10,33
82007,8,1
7619,3,3
78005,11,20
39953,4,9
99102,9,6
88184,12,50
21532,4,26
17228,1,29
95502,13,30
96553,8,31
61990,4,45
84113,9,35
70912,14,11
14814,7,13
48644,15,21
82695,8,7
65271,6,12
90258,11,29
7480,5,32
61949,10,13
80714,6,25
49505,10,27
85309,12,2
69402,1,9
87461,3,13
88735,11,4
60750,13,4
14837,8,28
60031,5,4
82502,14,19
22344,3,37
16299,15,22
54728,6,15
723,7,40
56419,3,23
79880,9,39
70003,2,45
18834,11,14
70846,7,41
66855,13,34
67998,14,31
66589,14,31
92146,4,45
86565,6,6
41932,10,42
52135,7,31
73144,6,36
87879,4,33
40387,5,8
40160,15,44
9874,13,10
9149,12,20
68299,6,28
98617,7,25
26274,12,24
47964,4,7
87436,15,6
71755,4,23
28561,9,25
26984,13,24
29637,7,23
37120,6,38
51614,10,9
99166,1,10
39926,11,27
7974,3,43
54436,3,22
75752,9,25
86034,11,11
10149,1,37
68980,1,47
47028,7,6
94925,8,3
53259,7,46
53430,4,23
64608,5,4
98602,7,1
70731,4,25
22425,8,22
19044,2,3
60031,15,20
67998,3,35
66224,10,6
4833,14,6
63068,8,50
21806,12,27
18426,6,30
67402,1,9
92877,14,12
1298,1,3
26789,11,9
98138,10,7
41778,10,45
17389,7,45
30764,9,44
47829,8,14
59283,2,1
28302,13,29
32366,12,5
93090,9,33
5119,6,45
44536,13,27
24792,8,43
91333,15,37
97838,8,5
97860,8,43
23717,10,47
84980,15,50
43613,4,28
45569,7,37
10503,2,10
36580,13,4
16658,8,24
42812,1,14
34528,6,49
64549,13,14
68607,13,38
67516,9,39
15789,13,5
85794,12,46
29669,3,29
42737,6,20
45809,4,12
92255,7,8
72859,7,24
1055,2,34
52122,11,30
77172,7,37
61767,2,29
9239,9,26
77647,6,4
99305,5,49
58647,14,36
95544,11,6
31662,1,24
66852,2,9
69786,15,11
2782,7,23
33255,14,48
24335,11,14
6454,12,37
42411,11,44
97187,5,1
53028,14,35
71385,10,38
16968,15,34
15214,9,12
54895,5,16
45215,11,30
90079,14,23
13802,12,47
28414,6,15
37942,4,12
44574,7,45
24603,11,7
10703,7,46
77003,7,9
21164,3,14
69956,10,32
76537,11,27
92213,14,20
28740,13,25
25127,11,28
43545,4,44
99868,15,44
56371,12,50
2971,3,8
57127,12,44
86989,10,13
60608,12,38
5877,6,37
11782,12,15
77626,12,7
87448,6,14
40237,13,44
89680,6,30
25289,11,48
67087,6,24
27663,5,19
90310,15,37
84356,10,26
7558,15,22
75775,3,41
8894,7,49
43029,5,39
24594,3,1
50017,1,17
12117,11,50
34991,13,7
68017,11,21
88054,2,9
88089,3,11
84013,14,28
61774,7,49
88576,9,12
65461,5,1
6716,15,21
60470,3,50
9863,15,32
48769,14,12
78863,8,25
14899,7,2
91131,12,22
63735,15,36
31767,3,1
4365,10,12
24408,15,10
88735,8,40
64693,10,40
43915,9,47
31767,8,8
57769,4,3
7200,14,34
58685,1,4
66724,8,15
31599,9,20
3983,3,42
15395,11,2
19924,14,43
61090,14,22
20109,5,20
71474,2,40
40333,6,16
5665,14,46
49014,8,47
41313,11,43
44281,5,12
46230,5,49
10368,4,16
55367,13,35
30075,3,16
50176,11,21
73251,10,27
9787,4,17
43566,14,38
35924,8,38
26043,5,16
33306,14,38
23394,4,24
2557,11,34
77857,8,14
844,12,21
75945,15,44
25768,13,24
48149,13,42
76253,2,50
14589,3,18
17305,8,37
88631,7,39
16275,14,38
92146,5,27
4687,12,20
96664,14,4
73112,6,2
40985,7,17
14476,13,13
48231,9,46
78706,15,5
12850,11,8
45306,10,18
19218,14,49
21518,13,48
30763,13,43
12055,5,11
30346,7,23
54451,9,30
90987,13,12
7078,9,24
99983,13,14
96026,14,39
52838,4,16
89448,7,20
37792,2,30
9627,5,23
36739,7,49
81067,13,44
45606,3,28
86441,3,38
83092,2,9
77008,3,19
84211,2,16
31230,2,20
83092,14,43
6148,11,34
16837,3,50
72980,9,42
52808,15,4
68091,1,42
98060,2,50
86287,12,2
99381,9,44
78171,4,12
61003,6,17
91530,6,25
7968,15,16
49225,12,23
50179,1,8
7078,5,18
7020,5,27
61149,9,42
20173,8,22
89307,10,27
55852,5,44
31452,1,26
44792,12,15
66301,15,36
52385,11,41
65271,3,35
86167,11,1
33919,13,12
22507,5,37
20340,2,4
91646,7,8
47816,12,30
84174,14,20
16081,15,5
33942,6,42
36648,6,49
51229,13,40
29795,2,21
79219,8,39
47625,1,42
36346,13,4
64204,6,13
6079,2,22
76203,14,16
23239,1,29
52657,13,19
39926,6,36
64427,4,13
88192,8,21
87540,4,19
73205,14,8
1266,5,48
46762,7,42
52259,12,26
80937,8,44
75749,13,2
93048,14,18
48749,8,50
98962,15,13
8189,14,10
46522,14,9
36661,8,38
21033,2,41
59855,14,38
88192,13,25
67526,15,47
45046,5,37
76961,12,15
35717,7,21
10421,9,23
12816,9,39
43731,5,7
28414,15,25
41242,13,47
1268,9,48
71457,12,1
16675,3,3
24052,7,18
73980,15,45
79297,10,9
87493,11,1
18520,7,44
90771,12,25
59316,1,47
93813,15,25
39895,5,4
54683,1,49
30087,2,27
15395,7,22
72359,7,37
81569,11,25
68161,15,38
58745,10,25
85157,6,5
88699,4,26
94819,6,4
14489,13,33
85590,8,39
16525,7,33
38372,1,3
41415,12,15
61990,2,16
39408,3,26
47779,13,26
46061,14,33
77008,4,10
85173,10,37
18834,6,15
10537,15,33
33378,8,11
56657,15,18
3559,13,44
86356,2,6
68378,11,44
38006,8,8
81303,11,36
51758,9,42
70699,7,26
284,8,19
28414,14,46
54283,3,26
35281,10,33
74933,15,10
66390,13,9
35401,10,50
79102,3,37
92688,13,10
85858,2,12
48349,5,3
77269,12,41
33549,1,2
26284,12,36
98138,4,40
45040,2,38
89182,11,49
84980,4,14
2433,1,13
33566,13,2
67018,5,2
15258,2,13
48932,12,45
771,13,10
6276,9,12
68819,2,2
9575,12,28
7624,12,40
97076,4,41
66386,3,46
47496,3,11
94467,13,32
57763,8,32
74574,13,19
85423,12,3
7953,1,10
26572,3,49
33017,6,11
2006,3,4
29763,13,42
55543,13,18
46868,2,4
50998,1,13
66513,2,28
85612,4,25
6322,6,36
72695,1,16
18097,12,48
62197,10,40
88699,1,6
70915,7,29
77930,8,40
60034,10,1
86690,13,18
11199,9,32
36509,8,9
92505,14,40
60126,11,2
5207,10,8
2433,5,41
38372,10,47
63868,13,41
95502,5,17
64082,15,49
81158,15,40
43781,9,44
3872,4,19
39252,9,31
54791,7,36
48138,7,35
30729,6,21
84873,9,5
79069,9,1
8189,1,18
91283,6,32
36803,2,15
11782,3,28
70542,5,6
53028,2,31
24212,12,20
59329,5,5
56707,13,20
14626,13,46
44841,7,35
19782,5,24
43893,7,8
10260,11,32
22159,5,28
75234,10,20
99708,12,3
67153,14,15
41795,4,43
90836,1,17
20673,14,8
62848,9,27
16275,5,46
40041,11,24
6715,7,15
7624,6,14
21806,7,29
21494,3,49
66462,13,39
30217,15,27
64549,15,40
28874,9,17
68451,12,5
23239,5,23
49872,9,28
15834,14,2
19314,1,14
85309,9,19
20438,2,2
59432,1,45
5673,4,47
37813,3,29
88567,5,28
16515,8,30
70004,3,15
41163,11,38
86826,15,50
85995,15,47
83399,4,23
41016,6,17
39863,11,25
6849,4,43
932,5,33
15789,10,32
10617,11,10
91131,15,3
68980,5,6
60779,14,38
7506,3,41
74376,6,50
16558,15,5
72271,11,43
95036,12,31
62633,3,16
13930,9,29
19788,3,26
9633,2,17
89719,5,4
28459,8,24
23124,10,45
34232,3,25
30254,15,31
5868,7,15
80748,7,49
55123,8,1
30853,1,3
699,15,34
7218,11,17
1618,14,48
18809,2,41
48565,2,39
22425,12,30
22180,12,4
6715,14,47
39452,1,36
27981,9,42
4687,5,49
23102,8,13
5710,6,40
46945,14,42
15079,4,30
6516,7,32
22534,13,50
87540,12,45
98060,6,18
2705,4,24
22180,7,34
4365,11,23
40010,3,6
68348,7,10
97,14,17
61272,14,3
74423,4,22
17972,9,8
23148,9,30
81955,13,47
57782,4,42
41906,9,7
8261,4,26
48835,5,27
56371,6,40
42759,11,17
33549,6,16
30763,9,1
50671,9,38
65801,7,3
32171,11,1
74651,12,37
40095,10,26
79692,7,4
47964,9,41
69332,13,37
86278,10,23
74125,9,15
36534,12,32
57127,1,37
55471,10,6
85078,15,15
93587,2,25
10751,6,9
63094,7,24
16587,11,8
79371,14,2
17198,1,50
38655,3,17
94043,1,35
13329,2,36
25031,15,13
84124,13,28
64970,14,41
67431,7,10
2782,8,29
94733,13,24
66855,14,31
88748,15,1
68161,6,50
7695,8,47
44381,11,34
16299,10,13
23655,7,9
54505,5,44
83611,6,45
5993,5,36
47600,9,48
19172,2,41
10663,15,29
86356,5,29
8105,7,11
59270,9,3
58430,9,25
16082,13,38
49402,14,43
69613,9,48
32201,7,43
84956,15,49
80748,14,22
18834,13,45
28599,12,40
96664,15,36
22793,14,5
32527,9,31
4035,11,11
29474,4,18
13271,12,38
85079,1,40
66941,5,17
10663,11,30
54510,12,48
30891,3,28
76769,3,43
27549,9,45
50809,2,21
95765,4,44
71202,12,49
27663,3,40
31960,11,35
32918,3,24
10046,5,41
88402,11,44
31662,7,4
74345,12,5
73205,10,4
88926,13,9
28168,8,16
56371,1,20
99662,6,23
1502,7,40
75675,2,9
81067,14,42
37772,12,47
3616,6,30
99487,10,1
92384,10,8
66023,1,5
66130,3,7
34576,3,14
2705,10,29
61774,1,7
19003,3,42
48462,6,35
88623,9,34
95817,1,30
26475,13,13
97767,9,4
86690,12,26
69824,3,46
96338,6,5
81256,13,29
13580,15,8
12666,5,31
20438,6,27
47625,7,41
81067,10,26
42567,5,27
68161,3,7
81695,2,22
31837,7,4
81277,5,49
45883,14,31
50365,7,35
81158,1,5
69895,11,3
91210,11,40
79920,4,48
94562,13,36
14899,10,38
78677,11,18
88918,11,9
18834,8,20
38175,7,45
14626,2,10
11779,15,17
69714,13,30
56086,1,37
60034,5,2
47706,8,21
79586,15,25
22263,6,36
9921,6,3
35442,13,44
96738,12,25
47608,12,32
43329,9,28
20964,2,38
52122,5,13
30636,1,33
9407,8,9
20535,11,23
12117,1,48
41225,6,45
59329,6,9
68225,3,14
39081,9,13
41906,10,50
23394,12,2
99315,5,45
93581,11,45
63868,1,40
59236,7,22
33765,11,35
48706,8,24
51474,10,19
40925,6,50
54451,13,23
46923,12,46
27236,4,45
14950,4,21
50186,2,24
12635,14,10
96618,1,8
67079,5,23
62368,13,34
18644,4,19
29669,6,30
97791,6,12
89443,8,12
58824,11,45
9881,11,28
29549,14,3
58783,12,20
73670,1,44
89285,10,18
32659,14,13
6715,15,45
22334,13,3
89694,15,7
74182,15,7
23757,7,4
86761,10,19
99062,8,35
24684,14,1
48253,4,43
86862,6,48
99003,10,37
17023,2,27
62432,9,44
58745,6,49
15619,15,50
33591,14,13
13599,15,49
52385,2,13
96865,7,13
76646,7,15
28302,7,3
64664,13,18
99203,15,37
32978,9,25
48396,14,27
24533,12,14
84842,9,32
33019,1,37
53343,3,12
65188,14,48
33351,12,4
93207,5,13
53797,10,8
10786,7,15
59804,5,44
84490,1,39
71495,9,19
52248,7,9
50737,1,28
59917,2,27
88184,3,27
31230,12,1
15395,3,21
34711,13,17
16610,11,6
88699,6,32
62228,12,40
89258,3,48
67516,2,16
79081,7,16
55475,3,47
57646,12,14
5665,10,46
87261,3,1
67030,14,47
44479,9,20
60750,9,15
61808,14,41
77098,7,19
12027,6,24
64445,15,25
36759,11,3
70712,14,14
98074,14,5
64792,5,15
26194,6,1
83359,10,38
85794,9,13
8407,9,49
15843,9,38
65879,5,14
17716,10,43
64475,9,34
38545,10,39
36554,14,49
12295,8,19
18659,2,1
43893,12,7
3839,6,17
14470,13,50
63094,5,14
24408,3,11
77098,1,18
98536,11,9
38172,1,48
70903,15,50
25901,14,5
40003,5,37
3839,10,48
70545,10,9
75535,8,34
22897,11,3
22566,9,50
11215,1,34
99166,9,29
7833,13,47
6312,1,36
83990,11,38
28436,5,19
63380,12,24
35849,1,16
10617,12,6
75481,14,10
44088,1,40
42051,14,18
54451,4,4
7968,4,27
71234,2,3
72941,7,38
55543,1,7
22841,2,10
50179,13,2
61680,2,33
66118,13,8
24676,6,20
40453,15,11
13300,12,3
26871,7,43
29661,10,36
46022,12,22
58869,15,32
6666,2,16
8105,6,40
95210,14,20
3983,15,9
56648,6,14
8728,11,41
74062,1,44
31823,6,50
7971,1,15
62542,2,43
62975,15,15
30231,7,31
38045,6,29
58022,9,34
88230,7,1
96140,10,13
13006,1,11
49025,10,17
74042,9,44
98299,9,1
5719,8,37
66948,2,40
57580,8,24
39253,6,19
97326,14,16
76406,9,3
39452,13,2
55201,7,20
98394,9,40
5728,13,11
65403,14,50
23103,13,30
23310,13,17
33180,6,7
83064,8,14
91057,8,44
18703,14,34
69863,2,6
22453,13,43
80178,1,16
57842,10,31
8979,4,23
58672,14,17
90700,9,35
62228,5,20
75055,13,38
26572,5,28
15733,15,11
60362,4,27
78173,7,27
55749,1,8
85053,3,34
16898,12,16
58022,1,47
87413,3,23
85933,12,19
49643,6,1
10495,3,40
35201,3,33
884,5,12
13599,5,32
48396,5,48
49597,14,16
8504,12,1
60072,12,50
81999,8,46
72589,12,20
42065,8,44
98536,8,2
21398,10,6
40003,15,39
73348,14,12
10030,6,39
44778,14,13
34768,2,28
97944,2,4
26535,7,28
69765,12,29
89980,15,2
40714,10,48
28535,10,50
72763,5,15
76406,14,46
65977,9,39
85840,5,1
86851,11,10
35136,14,15
28315,14,27
47052,9,12
6640,5,8
69500,3,15
52385,1,48
33596,15,31
17305,9,21
56648,10,50
71222,7,24
62542,6,31
88748,1,6
39428,7,37
22239,3,45
36011,1,22
81303,12,49
2735,6,46
81917,8,6
22938,7,43
20228,13,2
80911,2,49
5150,1,46
65281,13,7
13666,7,30
21164,1,12
28597,4,19
2739,3,20
64378,1,47
84174,6,19
73251,12,22
50365,4,31
19044,7,29
9874,5,10
93727,4,9
19218,7,46
85243,4,46
44756,1,48
80544,12,30
98060,4,32
7949,4,16
95227,10,38
24052,12,1
36346,9,6
55639,2,25
5191,3,8
96053,12,19
14476,1,46
22457,11,20
7851,8,18
84061,6,23
79501,14,1
97326,6,20
82499,8,29
41795,2,26
9180,7,3
71017,3,37
5673,13,41
5207,7,11
12053,15,28
12295,7,30
96537,5,33
21033,15,1
83891,7,24
1580,7,10
52808,4,35
22897,1,38
65848,8,26
99203,1,46
85498,6,33
36521,6,30
94925,9,6
20835,10,35
67674,11,40
75881,2,40
57871,3,6
72740,15,49
31727,11,6
37661,10,38
90836,12,20
58295,6,11
83526,1,23
26653,14,8
77098,11,15
68587,12,42
67079,1,49
62972,3,34
62144,4,19
74450,9,22
44903,3,21
21657,15,35
97368,13,21
26194,7,15
64855,1,6
82685,7,12
82225,7,5
32171,2,10
93498,5,14
9125,7,31
21563,7,4
86851,4,43
70678,9,23
57580,4,22
57256,14,20
28229,11,42
67079,13,32
14489,1,4
5119,10,27
59917,9,46
43080,3,25
80942,2,41
77137,12,14
68907,3,10
33591,4,25
96909,6,34
18320,5,37
64427,6,12
19924,6,16
7851,11,23
77790,15,10
85837,2,26
30931,2,1
52657,15,31
46996,13,5
89680,13,42
20936,6,7
27268,11,8
57623,15,41
31960,9,39
47625,9,36
18162,4,8
44181,15,35
2410,13,13
35147,14,49
56069,1,14
6885,3,6
56168,10,19
60034,7,49
11266,5,34
63544,7,36
42374,4,4
42051,7,18
12104,10,22
48667,1,20
39438,14,10
6849,7,29
81569,12,49
66023,6,16
13329,9,15
40204,8,23
92937,2,44
36554,12,1
43449,15,23
22938,1,10
38135,15,6
23950,10,22
69737,4,11
6934,5,5
59505,7,15
36534,6,49
79010,8,6
62633,14,23
22138,13,25
22769,12,29
10801,14,13
95596,7,37
40333,1,40
21230,8,12
39072,5,37
96188,15,35
40096,12,7
83736,2,42
10503,1,43
8189,12,16
30291,10,18
85845,1,18
81087,13,2
67030,11,25
68348,11,24
40413,10,1
53259,11,13
83677,11,18
20591,5,46
40394,15,4
58265,6,20
12820,14,5
10486,8,6
8728,2,23
77925,10,50
12117,6,8
90229,7,26
11419,12,6
46026,3,8
29813,3,30
74355,7,11
27210,5,40
51378,2,17
78991,10,24
87298,7,3
72525,1,29
49597,3,15
16669,13,33
73609,7,43
89258,8,50
11215,8,27
40122,14,20
43793,10,8
46061,6,30
1857,8,46
93839,8,22
44608,15,22
6312,3,47
14452,4,43
63094,13,33
19286,14,40
59431,10,31
97944,7,26
12113,2,27
68704,14,27
47748,4,9
42034,14,27
81484,6,46
59668,4,5
24679,14,7
15360,9,17
35262,7,37
37813,2,12
53797,5,34
48144,4,42
46022,10,43
65017,1,23
30254,6,2
44983,11,19
77137,1,26
7179,2,24
38180,7,37
13459,11,2
98200,7,49
44228,10,24
35281,5,14
8764,12,44
88748,9,46
53527,7,42
16550,14,25
65760,1,33
27144,5,3
61003,14,39
73092,4,23
65403,3,1
45342,5,18
48940,4,14
12004,6,38
44539,2,36
44881,11,46
28597,5,6
38694,8,2
61003,7,11
27210,10,37
83399,11,18
68907,9,35
68171,7,35
72953,12,18
70003,6,26
23593,14,46
49505,4,37
66730,13,19
25164,7,7
88424,3,47
25907,3,41
44941,15,1
2344,3,20
99043,1,1
38880,3,3
71168,8,13
52460,7,10
36816,3,12
85243,15,23
85173,13,9
57190,5,45
37504,13,28
48565,5,46
33619,8,15
41210,1,40
98096,12,18
8510,4,47
54032,3,40
97634,13,49
62542,13,36
82238,1,47
95817,4,32
95229,2,34
66503,2,28
38880,6,16
77189,14,38
71044,6,34
79010,4,10
8894,6,34
7326,3,50
55691,15,41
54505,9,26
77842,13,27
33555,10,27
82979,5,13
44496,7,37
95050,1,47
28414,7,24
19112,7,32
67998,6,18
81917,12,6
55367,15,11
86932,4,34
8924,2,14
23597,13,29
31219,5,36
62432,7,17
59774,13,10
31424,8,15
61347,8,1
23611,14,44
44536,12,40
92211,2,33
22566,4,42
65083,13,35
80404,13,13
25757,8,45
51942,15,21
65005,7,38
43801,7,47
6322,13,45
33181,7,37
2811,8,27
57744,9,30
80614,10,24
67173,3,44
48023,13,16
67087,1,19
90298,10,26
57406,12,24
61272,10,19
23685,1,40
44712,14,43
89285,5,36
45342,1,43
81373,8,29
75464,1,23
63094,4,38
73586,15,28
58059,4,29
91226,12,39
47945,4,15
85840,6,36
98133,15,36
59316,12,6
36498,14,11
17198,15,34
30853,8,33
36567,12,6
25111,8,33
39101,2,10
62428,4,12
31043,7,4
61774,3,22
59654,12,17
19354,7,9
76033,14,18
47041,6,17
20340,12,24
32763,11,34
90193,13,15
21532,12,35
75604,14,30
8609,3,11
7832,15,1
66179,14,19
10382,11,41
33255,2,4
28851,8,20
93330,10,40
63645,1,10
25000,12,41
16299,5,5
9453,4,32
86466,8,29
39072,9,8
87268,10,23
64961,11,26
58306,11,46
52978,3,18
284,13,1
75351,9,45
93207,11,40
57667,7,23
25907,10,26
75481,1,31
58831,12,27
23102,5,44
97368,1,9
52302,10,6
21849,12,7
4209,15,2
33555,13,14
9125,9,45
13155,12,20
34202,7,13
1298,11,2
50365,6,49
84667,13,27
99662,4,13
44903,9,42
46195,6,45
29813,7,31
35760,8,14
10030,11,43
56992,4,11
82238,3,7
29576,13,23
15556,12,41
55128,14,6
70109,14,41
32143,1,8
9577,2,19
66852,3,29
77849,1,20
30732,15,37
5150,15,35
75778,12,8
94358,12,40
67785,11,36
24679,10,12
78738,7,2
28436,8,24
32154,5,28
27523,4,33
59654,4,21
21001,1,7
48565,7,8
90050,7,10
67014,5,9
73440,12,13
37661,1,47
34025,8,19
77930,9,42
66320,6,37
77647,3,15
67674,9,44
5337,5,1
40829,15,28
79297,12,31
44887,8,18
22481,8,8
95036,9,42
80544,3,6
39936,2,28
1868,8,24
9232,13,37
87470,8,33
69786,4,23
22094,2,1
12453,14,27
87268,11,8
34235,10,45
56328,9,21
77626,6,43
47041,15,4
6039,11,9
38880,8,17
43545,2,31
65636,6,15
95450,11,5
78752,15,28
42401,3,24
90548,12,47
32170,1,4
48349,15,28
95903,11,39
59491,5,41
35771,11,36
96541,9,24
96026,1,41
37039,13,43
86034,12,24
97639,11,43
18426,3,29
45342,6,50
20109,7,49
49112,13,4
56430,8,43
42584,14,23
99683,12,16
3335,6,38
81569,7,48
5427,11,32
40058,14,28
38006,3,14
63773,12,48
62368,6,7
92337,15,39
87628,3,8
26833,9,35
78329,3,48
44263,12,18
86495,10,25
32918,6,3
25746,10,2
18426,1,20
97,1,36
39224,12,1
75881,10,11
22291,8,1
57087,1,8
40095,4,20
13769,7,23
69737,15,50
61003,15,23
54204,1,46
12850,6,2
48836,1,46
23394,3,50
22507,13,23
97102,5,3
18956,12,48
22239,4,13
15733,7,39
26143,3,40
11422,15,6
31600,3,41
81569,2,13
62228,1,39
12183,10,42
30729,8,37
9881,2,22
65753,12,43
49578,7,3
25757,3,37
44778,6,30
66747,13,16
35884,4,11
42737,4,38
86988,11,15
91646,1,9
98602,12,6
80134,10,30
90309,1,1
78586,3,3
17514,14,29
1502,2,49
64896,12,35
79413,8,24
48749,10,34
93632,10,36
38175,12,20
42374,9,13
21001,3,27
98144,11,22
68778,15,42
95210,5,37
65005,6,15
79904,1,7
89428,6,26
36414,15,5
62756,5,35
64058,10,22
64208,15,30
27777,8,50
71495,12,25
2006,5,49
41411,8,22
80134,2,43
53704,1,45
25318,1,42
54893,2,44
59908,2,20
26475,4,31
80832,15,18
22793,4,22
90037,12,1
58831,5,19
23791,12,28
3493,12,16
87470,4,43
96338,8,23
32527,14,30
91401,4,12
65982,8,39
85617,11,30
27555,15,27
57444,2,18
58265,14,40
50301,12,19
80402,7,36
75351,6,47
50469,14,11
33834,11,20
39936,13,41
48749,6,23
4853,12,6
38455,9,15
36648,3,9
44263,10,48
30026,5,14
72575,11,42
33738,6,23
63796,10,47
48144,1,17
1828,2,48
87413,13,36
28315,7,25
76879,10,30
47706,6,17
48569,13,45
88027,15,29
51942,7,30
93308,10,46
94925,1,23
29474,13,28
78128,1,45
49402,1,15
17964,10,7
44574,6,31
20435,11,26
35834,4,32
40552,15,5
65271,14,10
18097,1,8
52886,10,9
77826,6,45
61562,11,4
50176,1,33
48565,15,4
46026,4,18
63645,15,45
12783,8,33
46480,5,22
66072,10,18
86899,10,43
84401,2,48
31599,15,43
87765,10,32
33619,3,3
86045,7,24
14277,13,44
25164,10,46
55351,2,27
76769,9,7
6738,2,46
1828,11,12
48291,5,39
31031,1,9
3315,15,40
24212,8,1
77849,6,8
78738,14,50
81484,12,44
13300,8,10
35303,6,35
64040,10,23
81695,4,44
16299,2,1
55050,9,38
62197,12,20
65219,7,50
81722,5,49
52826,4,4
6268,8,42
73902,1,42
65345,3,28
78173,5,33
26165,4,28
27268,13,6
75713,6,22
93498,1,42
16299,6,14
38578,14,50
32050,10,35
14230,11,3
53267,11,25
12099,6,25
35073,15,6
34576,6,15
99592,13,44
40010,7,4
38199,1,18
34702,3,4
9072,4,1
10382,7,46
33255,4,30
39286,2,26
57744,11,49
67595,11,38
50179,12,29
72024,12,7
88027,7,33
27268,4,18
8924,1,10
73440,9,26
75084,8,26
48940,3,1
53412,3,11
60671,1,30
12783,7,40
28740,5,4
33919,15,6
24676,8,3
21334,14,24
64581,15,14
9710,10,43
27399,13,30
97102,2,5
61090,3,12
46476,14,8
56204,14,25
3315,9,23
72747,3,42
25768,2,14
39536,8,45
21387,9,24
5337,2,24
39659,15,4
23479,10,18
16493,15,15
85983,9,32
39155,15,19
5386,3,7
59283,9,5
44778,15,48
69034,15,20
2841,15,26
67989,14,36
12850,8,7
52341,3,43
78128,14,31
80614,12,39
35136,6,16
53509,9,9
22173,10,3
57769,1,18
64961,6,32
3603,15,42
76646,1,10
36733,2,48
97,10,47
82183,2,28
89680,12,13
91833,7,10
97673,14,45
26284,13,12
83785,9,24
14961,15,35
87402,2,38
88576,3,40
58133,6,7
55368,4,33
87484,8,46
58824,7,46
69021,1,16
52341,11,49
73586,12,4
40561,10,26
31599,8,26
15192,10,50
43015,6,28
59424,14,22
99315,2,44
31622,15,25
67431,8,45
5386,8,4
61736,15,44
42065,15,25
55351,8,20
51030,3,15
26252,6,33
40413,7,27
70545,5,23
43008,9,32
97673,4,35
27415,14,7
66760,8,14
68559,12,37
23655,10,43
95024,1,37
86360,12,32
50809,3,33
69034,6,1
71024,7,35
9486,9,39
49286,6,34
60158,3,21
81137,6,39
59431,6,2
49095,8,2
93753,14,20
917,15,18
83305,8,16
92211,6,38
343,12,10
34756,5,43
48644,6,26
31767,13,37
51229,11,46
66948,9,38
65410,4,29
57901,4,33
20681,12,43
88752,1,25
5665,13,32
20118,12,8
59283,3,9
75749,1,45
78738,15,21
91735,7,33
33627,6,22
42411,14,13
65005,13,25
8764,13,10
13802,6,40
1634,5,45
61227,4,46
25031,11,41
30538,11,49
94065,8,48
35849,6,26
58059,15,47
97767,5,22
93498,9,7
57015,9,33
99969,10,34
31043,4,42
33942,7,10
6290,15,39
29489,4,41
86014,9,35
38684,6,44
43015,15,23
89120,8,4
47829,5,10
23859,8,8
34895,12,32
7326,15,25
82979,9,27
86450,6,41
77626,15,39
23103,14,48
28851,6,32
54505,6,6
90226,4,49
98075,1,18
60830,15,50
4908,9,16
99043,15,25
59270,15,36
48644,9,46
94398,12,22
89120,10,47
31709,11,36
5251,7,34
69518,5,18
60072,9,20
13747,6,10
46922,7,2
71602,7,44
2390,12,46
93587,10,35
42533,2,13
9072,8,18
27186,6,44
91210,10,7
57406,5,1
84980,8,17
90068,7,13
82398,10,34
82502,15,45
88352,13,44
41155,13,7
58831,1,27
96644,5,35
57580,14,40
29334,2,5
12568,3,1
48737,8,12
69611,12,8
22838,1,9
40607,15,32
20761,9,38
60489,4,29
67079,2,12
43388,8,25
11383,3,7
93862,13,22
93813,8,8
59505,9,37
19024,7,50
26620,4,47
50046,4,27
3459,4,39
57200,2,43
16898,10,1
90548,1,35
58824,4,33
40041,10,16
76537,15,13
18520,9,32
10495,5,6
41117,12,39
39104,4,41
15891,7,49
636,10,16
10679,2,46
57944,7,28
24043,13,36
22173,4,35
92836,14,43
89182,8,7
60136,7,26
71495,8,39
92635,12,38
16018,5,27
20319,11,22
29549,15,13
90996,3,8
40333,12,35
70207,4,42
57332,11,23
30254,9,42
42662,4,48
27561,13,50
7786,2,7
70508,6,35
42519,12,17
5351,4,46
32288,5,39
45346,2,13
92255,6,30
28229,1,5
14452,9,9
76330,10,15
85309,13,41
44588,6,6
93813,7,25
36011,2,5
17362,4,43
42519,8,11
88475,7,36
74782,2,21
68524,8,21
72763,1,2
69916,15,49
83785,6,35
38684,13,40
55964,11,27
32681,4,43
95779,12,32
64664,10,18
87,4,41
50164,10,24
75778,6,40
20438,7,12
66152,8,5
59752,9,16
36011,11,34
26011,13,48
72695,10,33
61505,11,7
54893,13,27
26475,10,37
67674,3,31
43207,13,44
98144,12,2
58298,12,1
19286,4,48
35849,15,39
87540,5,5
91967,6,32
83729,13,8
44972,3,44
82401,8,27
81695,3,40
91719,9,28
64961,10,1
25724,12,40
98602,15,29
4505,13,47
62508,5,34
38679,5,33
83526,7,15
7953,4,10
13310,15,18
20438,15,15
33201,14,14
3341,12,16
47387,5,33
8243,5,41
76247,9,25
4511,10,10
97287,4,37
72552,11,17
91719,7,47
64792,2,32
43207,9,43
72271,8,31
91419,4,46
96865,13,48
69402,2,9
76247,2,25
5591,15,21
27981,13,37
26225,9,45
82338,8,34
87148,1,27
4511,9,8
40234,13,26
58824,1,46
32226,5,37
31043,5,39
23102,1,17
61407,4,13
51191,12,28
2811,7,6
29842,12,27
72145,3,3
17782,7,48
82338,9,24
39104,12,41
6179,6,33
60151,8,42
17228,14,29
32171,14,45
87339,7,4
71755,8,42
77717,10,9
60136,9,12
53259,5,3
9703,12,33
61492,15,40
77699,1,25
26004,3,49
24511,13,13
60031,1,24
84211,9,49
94391,10,39
20740,15,3
69809,11,6
57737,12,37
82401,15,48
88623,11,9
83231,3,6
68241,4,12
63796,14,37
5148,1,18
15556,8,29
53259,6,41
72740,6,6
22094,10,50
95024,9,26
71215,7,34
97218,15,21
16275,12,9
66462,15,35
39083,3,11
70811,3,35
31517,9,17
2748,5,36
77842,5,32
16053,7,19
36992,15,36
42955,11,31
55110,12,7
54889,15,15
87252,7,13
17972,6,26
57558,15,50
75771,1,38
87208,3,27
396,2,7
89443,6,22
88402,7,38
24720,3,38
37552,9,23
62428,14,28
49128,4,22
51885,1,25
45264,4,16
93766,13,28
11354,10,47
52341,5,3
47171,2,21
13877,4,3
41856,10,30
68450,9,27
63496,8,30
16237,7,47
80304,10,47
93034,6,41
38655,2,2
85498,3,2
20936,9,44
73331,15,11
94958,9,33
41736,15,1
12404,9,48
81955,2,17
54895,15,17
965,11,46
98562,5,46
28425,7,27
54131,15,18
26004,4,5
97767,1,29
23178,6,33
60072,1,38
10646,13,11
17377,4,30
12021,3,1
70927,1,16
58943,9,10
87413,1,34
45215,7,14
78586,14,35
5128,2,4
15291,14,5
11561,5,21
20849,2,49
33561,5,17
59270,2,20
6290,2,14
70811,10,7
68943,12,17
49812,10,18
82517,9,2
27236,12,32
21657,11,1
44479,8,42
9881,14,1
43472,4,35
69264,5,31
50388,7,23
50675,1,27
13806,10,26
52808,12,25
62854,10,40
24378,14,2
74498,4,10
39104,15,38
77189,12,49
65982,7,44
93839,10,28
73670,6,24
66072,15,1
87694,7,46
57239,8,41
28459,7,5
59941,2,48
8189,8,37
41614,12,30
21806,11,50
53827,4,21
64753,14,38
26004,10,27
22534,7,49
93813,1,2
60031,9,5
12027,13,34
23102,6,40
88926,15,32
14470,9,19
2782,12,26
87448,14,20
41210,11,32
34991,12,7
39659,9,1
95903,14,24
83284,13,46
89014,12,31
40234,12,13
46933,2,20
96188,7,45
28459,10,10
48572,14,38
41614,4,17
69765,2,22
84061,1,12
4853,15,3
28647,10,24
8609,14,6
55471,9,27
65281,6,3
30253,10,12
92146,1,19
53704,5,34
23636,5,19
36648,10,33
66023,12,10
44712,7,21
23557,10,12
56707,8,30
45606,4,20
5454,7,50
96390,7,33
4770,1,20
59855,3,15
40480,8,19
69634,4,5
35916,3,46
65005,14,40
13119,13,40
83095,12,48
36718,14,4
10786,5,29
7480,3,42
63873,15,47
5251,4,17
6941,4,11
63068,3,11
19112,6,29
36554,1,2
26125,2,50
21001,14,37
24970,7,38
20094,15,29
34232,7,5
7061,15,26
49863,9,44
95227,9,14
42584,6,7
16675,7,2
24301,8,7
94810,2,50
45809,9,3
85056,7,1
91419,12,18
38679,3,47
63592,1,27
57332,13,24
30291,2,4
80064,8,48
94925,10,27
92688,4,22
16237,6,33
15515,11,28
1095,13,44
5561,9,43
71187,2,42
68819,11,13
75535,14,30
62482,1,38
20691,5,46
39101,4,39
6079,7,5
3836,10,13
81087,3,42
92338,2,42
14623,4,48
69765,3,36
77385,4,48
46695,4,24
98652,3,27
9787,13,7
81229,9,34
63117,2,9
62122,10,28
78173,6,21
32288,12,34
91057,11,25
66320,15,11
79501,1,26
34330,5,47
32460,10,16
39286,9,46
34232,1,23
63117,9,41
55128,13,24
80178,6,23
32050,12,44
33052,7,4
99348,3,2
3872,10,45
88748,2,6
48349,10,44
15395,2,25
70846,12,23
90050,10,36
49876,3,48
47829,7,17
68171,14,17
88475,9,3
12004,13,45
17964,15,6
45908,4,48
23717,13,37
94009,10,38
49153,1,49
76537,13,47
71215,3,8
17677,3,38
91916,3,27
69613,12,11
58647,8,38
10617,8,50
16669,15,18
70731,13,48
77189,6,11
67989,15,4
88402,12,22
20109,11,37
68299,3,3
22846,4,27
5665,7,13
694,12,26
22861,10,50
85794,6,15
97860,12,8
22481,14,33
74850,9,12
69613,14,43
61680,13,35
17362,7,29
5386,7,32
72543,11,47
59505,11,12
77897,6,28
26803,12,46
13459,9,2
85078,9,33
17287,14,40
86685,1,49
79069,3,42
60508,4,15
10014,10,30
73144,4,23
58831,15,14
61492,10,30
41187,11,14
18458,6,43
65068,6,16
31230,13,6
26063,10,19
94043,8,9
1857,4,20
32862,3,36
48669,10,10
50737,8,19
46485,9,31
40552,2,42
91401,5,41
21398,4,38
91735,13,2
41856,8,3
56657,1,48
55368,1,38
70003,7,15
80911,6,12
8407,5,47
74125,11,45
6837,2,32
33919,1,13
7902,14,10
68778,1,43
14996,7,48
52826,15,18
15651,11,43
66882,13,3
87694,8,1
43801,8,46
73609,5,31
30487,1,26
27019,12,25
91950,6,23
87903,12,8
66589,8,25
61325,13,44
5128,6,44
23356,3,36
90148,15,30
44756,7,1
50365,13,6
32763,13,16
30707,8,13
15291,11,32
95832,11,23
49733,6,45
16081,13,27
23717,12,35
53343,6,33
56277,14,9
57239,3,1
76646,13,12
38758,5,48
9125,13,11
30128,6,5
75604,7,30
91333,10,50
55466,2,30
27555,8,9
47641,8,38
77897,5,20
70678,3,14
7968,1,1
69797,6,49
41411,13,14
11207,2,15
89428,3,4
67989,5,30
65017,9,21
75894,6,13
16001,5,24
3559,1,4
71884,8,46
81020,5,21
34768,13,2
43915,10,12
83157,6,4
23611,6,33
94819,4,4
20681,4,44
12055,8,46
57763,1,32
96644,14,1
82385,4,2
97099,10,8
66513,11,31
32245,11,41
93308,14,2
71920,8,43
99465,15,47
26408,10,3
50017,7,8
56069,11,15
16587,5,9
73067,3,42
932,15,5
6738,3,16
74037,2,35
95229,5,17
12162,2,5
82248,8,21
21518,6,47
74762,4,27
69122,10,31
8243,12,15
65271,9,12
54505,12,38
27029,10,16
8509,3,40
66747,10,49
9672,13,50
46485,6,8
48836,7,44
70757,7,37
96899,4,16
40160,4,27
1618,6,44
72941,13,28
35583,11,11
57013,10,42
64941,8,11
10149,5,44
65005,2,25
29489,8,16
22180,15,3
48832,6,47
8243,13,5
69531,15,13
86899,4,46
93813,11,16
75752,8,33
94810,4,23
86412,4,8
98430,3,39
86360,2,25
26572,9,39
38167,5,18
21210,4,33
74126,7,21
78025,7,41
34330,1,23
14452,5,33
45085,5,30
88631,11,50
63734,8,29
24679,8,30
39786,5,5
21334,4,25
85033,7,26
64549,1,31
15258,13,14
52248,6,19
16340,15,8
85078,5,2
90996,8,34
51030,9,7
16730,11,43
87587,6,1
14489,10,33
39926,13,13
9453,11,41
72261,13,50
10030,10,29
54895,11,42
79069,2,32
95050,14,14
70109,13,47
50747,1,30
74519,3,8
109,5,21
19568,7,3
30026,3,8
7020,2,16
92720,8,34
97789,7,5
15258,3,31
73111,3,39
64040,1,24
46970,15,6
35303,11,21
17228,13,18
99166,5,14
54283,1,28
30974,7,45
59752,3,38
2057,14,36
39580,1,15
49402,4,38
56203,8,46
50145,1,37
85704,2,39
4209,14,1
22846,7,37
54637,1,14
79232,9,19
33619,14,22
45010,6,21
16515,4,25
80404,4,5
47625,11,46
56666,8,8
99311,14,44
80134,3,39
37120,11,25
10260,4,32
10389,6,41
99203,11,4
95732,11,22
6214,9,50
16730,1,39
5993,7,6
92720,15,19
60151,11,48
77647,2,6
86426,6,41
85173,11,44
50972,5,12
27754,12,24
81099,3,30
8924,10,44
91211,9,36
65991,11,23
67998,2,46
76394,14,17
75604,6,9
60830,4,9
46923,15,42
59841,10,16
62123,12,48
62432,3,36
29931,6,11
55249,2,33
80064,12,48
29997,14,32
31230,11,42
6912,7,28
53704,6,23
65354,10,21
58783,4,34
90569,15,41
33035,3,49
24004,6,24
19394,11,25
94158,14,47
98075,6,18
5710,1,15
50365,8,13
92893,6,50
12021,10,8
78854,15,16
46476,13,48
55532,15,2
80291,12,14
40122,6,27
85331,1,42
22138,14,1
64608,11,12
7078,4,3
47829,11,15
43781,12,5
66589,3,11
5191,6,15
30732,10,20
94291,6,31
73331,7,16
6913,6,39
14489,15,15
6268,4,33
58869,1,34
24792,3,46
70805,15,28
55100,2,6
6885,14,5
87563,13,28
51712,4,33
50406,1,11
27561,5,13
78991,2,15
51942,3,30
37552,10,22
48291,10,27
59804,7,15
1868,6,31
55100,13,40
59424,10,23
39408,2,3
15470,2,40
97756,2,20
74345,11,7
39048,4,44
82042,10,12
89441,13,27
30346,8,27
30974,6,40
28599,1,25
61090,13,50
95450,12,31
59668,2,2
93611,10,31
48138,14,24
49954,14,24
77673,8,6
58306,13,19
14036,14,35
82398,8,12
47364,13,41
50971,13,3
4703,8,11
44360,5,13
48396,12,17
12335,7,49
5719,14,18
64204,5,48
1266,15,11
98852,12,1
69016,11,3
85331,10,37
87436,10,29
88731,15,50
23337,4,39
27029,2,34
37813,12,26
69786,13,21
86287,13,35
66320,12,20
77189,7,14
71898,12,28
43029,14,9
58318,12,24
95824,4,44
86989,5,1
96618,2,3
95036,10,24
47748,6,26
78478,7,9
62029,11,3
23859,9,32
72626,7,49
62911,3,21
6451,10,39
32732,11,8
76247,14,38
7778,7,2
77262,11,35
51448,9,24
29637,10,29
75894,15,41
55185,14,8
16968,5,5
22846,11,10
10144,14,10
48580,11,26
20371,3,13
78128,7,15
9627,15,23
47364,14,8
45046,2,10
14151,3,12
13119,11,45
22545,15,12
13802,3,41
95246,6,15
16852,5,7
73112,4,4
57134,7,16
41903,12,3
57036,3,40
87148,9,24
57200,5,45
45040,5,26
64285,14,6
71166,7,10
88184,9,18
68853,4,34
53271,4,20
62346,10,43
40234,1,3
42411,5,14
18048,13,50
63592,10,32
33219,8,33
12073,9,27
29334,14,24
31823,9,4
70811,7,35
61808,2,30
56419,14,11
49869,7,20
80544,5,29
43388,1,6
74345,9,14
91283,11,43
17476,5,39
89428,7,16
80911,3,50
85092,2,3
92338,6,42
62106,11,28
21518,2,45
63735,7,33
83553,6,1
38603,12,44
49643,13,9
62432,11,40
48231,11,40
60608,9,13
95455,7,20
54204,9,20
74953,9,8
15651,6,20
62508,3,27
29934,13,30
64753,2,38
51134,1,42
54047,11,8
42533,8,32
40634,8,19
74345,14,24
71755,6,6
52435,7,32
85704,3,18
13134,3,28
87261,7,47
70691,6,24
78413,8,23
22291,6,28
27523,12,25
20945,8,26
14589,14,35
72847,5,15
82499,13,3
96053,10,34
33619,4,18
73596,3,47
54683,5,26
51942,8,10
98105,2,16
84046,9,29
35262,12,10
14516,11,28
65311,8,19
45264,12,4
99217,5,2
694,1,3
99311,3,3
80304,9,35
60151,10,36
75053,5,46
87461,12,48
44941,13,20
33738,11,27
32918,13,32
22207,7,17
77172,9,15
14996,15,18
59246,5,12
53343,12,50
66072,9,28
10617,4,9
67470,9,19
27609,1,37
69714,4,37
14194,6,43
12113,1,20
41984,9,9
26194,9,1
39894,10,3
78332,5,28
60362,10,2
51243,4,10
66077,4,39
78173,14,18
85303,12,50
75619,6,25
14516,2,19
8488,13,26
69891,4,6
3488,4,43
41342,1,5
50145,15,25
70210,2,22
24603,3,25
4145,7,5
45189,3,3
92538,11,36
184,2,29
47129,6,8
92081,1,12
37772,13,49
47102,15,28
22291,11,24
46933,5,43
71355,9,12
68587,10,29
37002,7,43
2398,7,25
3559,2,11
55543,3,25
34232,12,23
90700,15,7
71294,9,15
43650,13,42
30165,15,38
97944,8,40
69824,15,18
58869,12,15
84624,8,45
40584,6,39
11354,14,22
63920,15,48
57763,15,24
17476,11,15
44263,15,37
2379,10,8
30636,11,49
72112,3,14
24821,12,37
30707,4,18
9486,10,31
62122,3,48
20691,11,31
79434,12,35
77172,2,42
10260,14,7
13134,6,32
56277,5,41
69034,13,23
27415,11,22
47052,12,6
50238,3,32
26789,1,8
13769,12,8
49225,4,11
43256,7,32
22092,1,36
41313,13,32
65271,1,47
29851,9,6
95455,6,37
67195,9,11
94065,12,5
22088,4,9
89146,1,42
53827,3,37
13935,14,18
98299,14,9
33180,2,19
1425,5,48
75172,5,26
75172,10,4
52444,4,44
27814,13,20
19175,10,41
36580,15,4
36550,9,10
91189,15,48
43029,3,23
9149,2,3
76330,6,14
43015,2,49
89124,1,40
64445,11,36
8609,15,50
83207,12,43
72359,6,39
76028,9,15
50326,10,4
39253,13,27
95450,2,7
87493,15,14
26284,4,36
24892,4,48
2024,15,36
60387,9,7
20015,12,50
52449,8,7
83729,6,48
50971,7,27
6034,7,25
86356,7,31
30610,3,20
78329,7,33
28801,13,32
55466,14,21
44881,3,14
44861,1,12
72145,8,40
79365,10,2
40003,1,27
999,6,21
18496,5,15
13708,8,3
50406,8,14
31910,9,11
49560,10,32
22305,13,26
27518,10,27
69956,14,6
96810,8,16
87563,7,35
16179,10,50
97767,14,28
86278,3,11
75601,11,21
73111,9,32
16898,7,16
62508,14,21
297,10,8
43472,2,38
61492,1,12
44712,6,25
48023,15,16
75981,2,23
16715,13,22
43778,1,30
79010,15,40
24892,1,19
90700,14,34
90226,15,6
66214,4,18
41415,6,39
28254,9,17
93213,14,12
4875,3,40
23859,14,8
61220,3,11
47356,6,24
50667,11,15
24408,8,2
50671,11,47
2093,12,5
97683,11,2
61774,15,33
52067,12,32
56775,5,28
41117,14,46
81744,5,25
22296,7,9
86826,1,29
89146,14,45
11888,7,32
14041,7,35
22194,1,49
297,2,14
46195,12,13
66179,4,49
34756,1,11
93498,7,29
5191,4,45
26984,10,41
11561,15,36
37895,12,25
5941,6,14
18703,5,44
8819,9,30
53264,6,20
50737,3,37
82517,15,12
10389,15,10
42960,14,38
85946,5,29
38679,2,16
25822,14,42
64208,3,5
85612,8,43
71755,5,2
40829,7,9
82401,3,35
90079,13,30
93582,7,22
59749,7,45
76578,9,20
53315,7,38
31910,4,39
55475,4,46
22846,15,41
32170,8,15
13799,3,19
11503,13,22
65410,14,16
65068,2,2
66941,9,9
85303,9,27
55749,8,26
59432,5,35
60489,3,15
94562,14,4
70699,12,28
74933,9,34
18637,12,18
20063,12,40
11561,10,15
68399,8,12
44191,7,7
69916,11,36
40003,11,8
56203,15,3
22853,1,34
75865,5,24
71222,10,40
45306,13,40
40223,12,5
31709,1,4
89626,4,14
12687,2,28
90310,5,24
59316,7,31
4166,14,7
35971,12,14
86412,13,18
71215,14,41
68019,9,44
89443,4,39
61325,4,18
65879,2,47
25746,3,15
84519,2,9
64820,12,9
50017,10,44
45094,10,38
61227,11,22
72847,8,43
99708,11,42
44972,13,3
46922,14,1
884,14,2
52302,4,37
28801,5,12
87252,13,12
97756,4,21
30777,15,43
45215,2,37
703,7,12
97,8,38
79297,13,28
42812,13,39
40480,12,46
25469,11,50
10486,14,44
38545,5,3
85092,10,38
83932,9,47
88196,15,43
88230,3,35
68970,11,30
181,9,25
8819,5,29
22211,7,13
10046,13,38
1634,8,1
70797,11,13
47657,12,44
70927,11,46
20884,15,49
635,5,29
85871,1,47
69613,6,20
31122,1,28
35276,7,37
28599,3,6
75968,9,27
32659,1,41
20063,6,29
50677,15,12
5128,10,47
13799,7,28
94617,8,31
1694,11,10
31219,1,21
64029,10,35
53767,8,41
5561,11,32
46868,10,44
13329,14,31
93337,8,13
64792,11,15
87958,7,11
82385,6,36
7949,7,29
25822,9,11
54436,6,48
69737,5,40
96343,7,20
78985,11,25
80128,9,50
87268,1,49
49128,13,15
16558,3,16
83092,3,33
64236,7,8
44228,11,39
20537,12,49
60362,6,34
52377,12,45
52259,9,15
41482,4,44
8894,5,18
57794,8,17
68231,6,36
8609,10,3
66907,3,2
7506,1,29
65281,1,15
68091,8,26
96140,15,46
59841,3,19
5178,1,1
86690,6,28
96999,5,37
45883,8,26
30026,4,28
15360,11,34
52808,5,19
12104,15,37
56374,10,14
29484,1,19
14178,1,1
44887,1,2
30087,1,17
25169,1,18
18988,1,27
17920,12,8
8767,11,1
93688,9,7
84519,3,1
52808,1,45
82453,10,9
53430,2,19
87493,13,21
73980,1,40
68907,6,46
88752,15,16
74062,2,6
37002,6,6
13408,11,32
52171,3,24
39076,11,50
69264,1,7
15470,9,40
81949,10,22
14779,1,28
94562,15,14
63734,10,15
73980,12,39
4916,12,46
80942,7,3
96652,6,23
63544,11,43
20591,11,27
58306,10,42
21266,7,49
24212,5,6
79393,8,11
38561,6,4
93213,6,49
91580,11,23
85331,12,47
90226,6,18
42533,15,13
6039,12,46
58783,11,17
63559,13,14
83095,9,22
24301,15,7
56648,3,34
19286,3,13
74552,3,29
58318,9,12
20945,12,45
83778,6,47
66580,15,41
93839,14,45
31981,14,3
66462,2,25
94065,14,9
34678,11,13
47496,5,11
45085,13,40
64445,6,43
45392,1,14
10531,1,25
29934,5,28
76829,7,38
82401,14,28
24603,12,19
78299,4,23
21849,13,8
68241,11,49
40095,15,26
53271,13,15
64029,11,38
69500,2,31
5673,2,45
25274,8,17
51030,12,28
70429,1,46
38877,11,41
59820,12,20
72941,15,34
43778,11,47
32154,13,12
23950,14,44
78982,3,27
60126,2,14
64664,2,38
86436,10,4
28340,5,17
95050,4,12
6643,10,18
90229,10,48
5273,2,41
52878,2,43
15619,8,40
86685,7,47
86988,14,36
59518,9,49
11266,4,12
30015,15,16
19972,7,42
3414,13,7
96618,5,34
94297,5,32
4770,15,4
50596,12,50
86261,3,43
81112,8,9
12453,10,24
67668,5,18
3459,3,28
109,15,48
35771,10,23
21164,5,45
54534,2,50
82042,5,47
19926,12,1
66907,13,41
31767,6,3
35281,1,25
66747,4,17
6666,9,41
7967,14,4
65403,6,11
29144,12,14
41902,1,36
53341,5,17
33181,13,21
57623,5,35
88252,9,41
24710,12,8
27236,3,14
6941,6,40
91333,13,8
13300,6,7
64693,15,16
79586,11,18
73111,13,19
58779,1,7
22173,12,14
20884,14,19
26461,5,23
73003,5,49
49733,14,41
87494,5,17
7631,14,34
2869,4,8
34717,15,45
6795,2,41
66179,10,17
20371,4,44
78738,12,12
47364,9,29
98962,12,27
66023,11,28
7311,5,32
58133,12,5
77717,4,34
64549,5,17
64040,7,15
62955,14,8
93213,11,25
12816,1,41
25230,7,48
91419,14,1
68241,6,23
11422,12,24
13269,11,47
1857,15,32
48911,13,15
276,11,47
77857,2,11
37127,8,50
51611,8,40
16558,10,25
94733,4,1
31230,7,30
5719,9,4
66465,6,23
95024,13,29
55276,15,17
95596,12,26
99217,11,41
35001,2,10
15232,10,41
83338,4,22
63951,9,35
44132,5,47
5787,4,18
16515,7,32
58814,5,29
6957,8,49
32050,14,45
20798,7,42
99868,7,18
30217,8,50
88475,14,9
396,8,24
29661,12,34
55471,5,11
89779,10,2
89399,5,33
28340,12,48
84013,10,36
12189,8,6
34000,2,13
17677,13,48
95732,3,10
40237,1,40
39926,1,3
1502,8,37
48832,13,41
37364,2,7
97944,15,9
40453,12,23
48448,5,46
22180,1,48
62123,13,49
41944,3,28
40096,4,28
7778,1,1
59165,12,44
10382,8,13
30253,3,38
36760,10,28
24335,8,21
69786,1,27
16275,10,3
15789,8,34
58562,10,34
68017,2,28
33973,9,45
31227,15,43
76977,1,40
74182,14,48
52465,11,13
2514,4,34
95118,13,5
22841,6,50
72112,4,26
27049,13,50
77717,15,13
67404,10,34
98382,15,8
30346,1,43
13806,7,50
11888,1,20
26273,8,45
297,13,49
80614,4,15
26984,2,11
81087,10,39
63734,4,7
98105,9,17
6003,7,5
67526,14,50
90193,10,26
56204,5,17
34717,4,24
5139,14,10
65801,14,37
45996,3,16
5191,10,42
16658,13,10
79010,2,47
43472,6,36
41163,13,24
33596,7,41
21196,7,20
40502,4,12
10736,1,35
76033,4,3
58298,7,49
22088,3,25
17909,3,28
40223,2,2
81099,14,43
6957,15,28
19354,1,3
83241,8,19
54510,14,34
99381,15,30
80351,14,13
82385,14,1
87513,9,34
39953,5,24
85946,10,14
88752,7,10
54893,10,10
43781,4,27
71202,3,35
98652,4,29
6587,12,48
36816,13,21
23717,9,18
50046,2,7
33351,2,18
92081,15,23
70898,7,49
31031,7,24
88196,5,27
62346,1,24
88192,2,49
24970,4,11
50667,5,41
31910,14,41
59773,3,39
9138,14,45
33799,9,15
98885,1,32
55368,12,4
13769,3,9
68791,5,33
17872,8,46
79605,10,41
62911,1,32
90836,15,45
92337,2,42
58104,15,46
87023,7,27
68778,8,10
8696,8,50
8488,1,26
13029,5,34
86532,14,9
90068,6,34
59431,5,17
11422,1,36
42374,10,32
78985,6,46
40095,5,1
91735,4,34
25469,5,43
66730,8,14
44972,10,38
23479,15,42
17476,8,21
44460,9,9
56103,13,15
34678,12,42
64608,1,18
86690,7,7
10679,4,34
4903,5,28
70003,14,34
53343,13,34
66130,15,13
25000,15,14
35717,13,2
87400,6,31
99305,12,41
70508,1,46
87521,14,9
24004,4,2
61347,10,42
38678,4,28
80300,10,25
33765,3,25
60576,2,24
33816,1,6
91189,9,16
56419,4,7
28561,11,6
17423,9,29
6738,15,44
5386,13,47
49441,4,39
63343,5,50
39736,3,19
13780,1,47
37202,2,22
16525,5,47
80300,4,10
50971,12,44
42323,1,3
40029,1,48
85059,4,21
41614,3,49
67018,9,37
3294,13,29
21398,3,23
13799,6,2
53797,7,24
27279,8,27
35717,4,25
3616,7,15
59431,1,29
93977,14,13
74574,15,28
17514,6,4
27790,6,2
96899,7,43
35924,10,16
46007,13,7
58672,13,40
81955,5,31
31600,15,35
8609,12,1
22865,11,42
87484,13,24
26225,5,21
79146,10,37
35885,11,48
40480,4,50
68399,15,2
89009,14,6
6795,10,38
11016,6,1
10144,11,25
76132,4,43
25011,3,30
59868,4,49
9072,10,20
68557,4,46
71507,7,42
6079,5,28
76203,15,50
23611,13,16
78863,7,11
66465,10,20
91226,9,47
29763,8,10
39438,3,11
85173,6,5
60608,6,31
4149,6,8
93839,13,26
94562,11,2
89030,13,21
38681,2,12
90229,15,18
94291,15,13
89374,2,19
21532,7,36
67173,5,30
54893,9,40
2187,4,3
56775,4,3
10149,3,50
96710,6,45
89484,7,24
55123,15,6
30128,12,8
44308,6,43
91506,15,32
62197,6,49
28340,6,34
57744,10,26
86441,5,37
89443,9,15
83157,8,15
43781,8,45
30118,1,17
40985,3,48
84046,2,9
70555,13,29
94871,1,49
15291,3,48
16587,7,34
57374,15,49
51758,14,9
24909,6,4
19314,15,46
90229,3,21
34030,8,4
55185,13,13
40387,3,13
83831,1,20
53909,7,37
14277,8,1
97767,12,18
94810,12,11
86685,13,28
8105,4,49
26572,15,41
25822,4,26
7506,11,36
26989,1,6
35201,12,18
33591,13,2
27814,6,35
23394,1,2
28254,7,50
11207,5,11
90298,9,38
19568,4,6
75481,4,29
65005,4,19
86532,13,19
78021,9,34
29484,5,12
66907,8,46
96710,15,46
81198,15,34
2514,3,4
8728,12,49
20438,8,48
10382,15,46
3335,11,31
70210,4,18
22063,8,50
72177,12,32
23859,11,29
66841,15,50
14961,5,47
52718,1,14
73111,12,14
74376,4,6
63279,15,12
33549,5,48
92687,9,9
71234,1,41
88938,15,12
60470,2,7
27279,4,17
57452,12,41
77790,11,30
27982,12,38
18834,9,5
48144,8,38
91057,14,23
20681,8,37
56069,15,17
98703,3,7
55532,7,37
9921,3,25
59505,4,20
39428,12,49
28166,10,15
81303,14,42
40829,11,41
19349,15,50
50971,9,49
98075,7,39
2093,15,37
18320,14,19
76140,10,29
72261,1,1
98536,10,41
45346,3,8
34202,15,33
22088,6,1
46945,13,1
92081,2,6
74805,5,10
65461,2,30
49560,1,39
34768,6,6
81744,10,13
80832,14,13
51349,5,44
21001,8,16
62346,9,17
13424,10,9
20371,15,39
41663,5,17
2909,2,33
57842,5,33
41902,5,23
12574,15,30
23602,11,11
65311,10,46
78021,14,30
36414,5,6
68446,15,6
66664,7,9
4639,13,4
83583,3,18
51942,1,30
15291,8,45
18299,2,18
54012,10,44
95024,3,23
68559,9,7
41902,3,34
86426,15,2
53797,9,35
7832,14,27
40223,5,9
16968,3,44
72145,2,10
62428,10,50
43472,11,34
23317,1,35
25305,11,15
87148,4,48
83157,3,5
36712,9,19
22207,2,2
37772,6,15
19218,3,33
18530,10,29
75464,15,9
85590,1,12
52465,8,20
52435,13,4
48644,8,20
48644,1,47
10421,6,21
86862,3,32
88849,5,49
55249,10,23
36011,12,50
55110,2,30
15556,2,35
96188,5,44
11888,11,27
39252,15,6
71457,4,11
92720,4,8
39253,10,26
70542,10,43
42662,14,20
65605,14,48
40413,9,10
21494,12,6
1585,10,1
36712,3,10
7200,9,43
87879,5,49
24603,7,25
21266,14,50
31219,7,15
10860,7,6
7412,2,31
99043,6,46
89880,8,50
75601,2,2
75968,8,47
17964,13,34
823,11,7
7179,10,36
76769,7,4
297,5,43
20945,6,11
7695,9,41
22566,7,42
69824,10,35
81158,5,22
15214,6,23
55249,3,22
27663,12,40
84174,15,33
63920,5,2
71305,8,36
46970,3,40
23178,10,29
10646,5,29
5337,11,22
57672,4,4
19172,15,7
22305,8,1
45221,5,7
50359,3,15
63117,13,30
98832,1,36
27399,10,19
37813,8,9
72729,6,41
20835,15,46
20040,2,49
5337,7,15
94297,6,13
8894,4,26
6849,12,34
74423,8,21
68853,9,12
89986,8,16
26408,14,50
89443,5,40
76432,2,19
27019,2,36
84124,6,14
48104,3,37
89978,10,4
30087,9,4
74284,12,24
21033,4,5
60750,11,49
13666,6,25
22173,6,2
49564,13,15
38023,7,29
38655,7,14
88567,10,10
36718,10,16
15258,14,36
19354,10,6
12117,4,21
67595,7,26
38423,10,2
57780,5,41
57332,15,46
70691,9,31
58022,10,1
98354,2,6
67621,5,4
23726,11,40
14392,5,16
64058,5,32
72552,14,14
88230,9,17
7971,15,19
44841,3,8
2024,12,38
7200,7,19
26620,10,30
98962,5,14
30729,2,14
43778,10,49
64811,7,45
13806,11,18
3852,3,36
90307,4,37
7778,13,1
43731,14,41
29813,13,41
74762,10,22
91829,3,16
66948,11,27
39072,6,35
70805,10,14
8436,14,46
32732,1,48
62923,14,48
87298,3,30
62368,14,28
46007,14,27
20435,9,2
73440,11,20
58745,13,36
81256,2,12
20063,13,6
67030,7,11
76247,7,13
5366,15,24
84124,12,17
24792,12,42
48959,6,24
50100,9,45
58318,1,39
87268,6,25
237,12,14
61990,9,32
42567,8,40
97756,7,19
99465,7,28
52488,6,50
33799,8,13
82118,9,41
55110,11,36
5941,5,22
48693,1,17
86989,8,12
5178,14,37
53472,6,26
21398,5,21
14837,7,31
9863,4,13
12053,6,2
59165,15,41
53909,10,9
31528,1,50
26995,6,11
65879,3,31
5941,3,22
77563,14,38
67173,12,22
92593,14,28
77385,7,22
771,12,39
79146,14,11
68607,14,18
30966,4,38
31798,4,39
40013,10,48
52377,9,44
78830,12,45
64664,9,14
1585,3,2
10537,12,6
18493,13,32
85837,7,1
17909,10,15
82042,7,31
66386,9,4
25901,9,32
8510,9,6
52067,3,49
48576,3,20
30128,8,49
92687,3,19
40095,7,6
37942,15,26
62106,15,24
80115,12,35
38877,9,9
99177,10,26
52419,9,35
55543,6,5
74355,10,9
22094,8,11
28851,10,37
78985,3,23
76939,8,21
62972,10,33
86532,9,42
69824,2,4
84056,12,12
86438,5,4
19112,1,43
52978,10,25
1585,9,15
16082,1,30
76537,10,8
85995,4,45
23611,5,36
46945,15,50
60362,14,32
72112,14,33
41242,12,24
63735,1,23
98536,5,37
83240,14,36
5486,2,45
30254,1,48
62106,7,43
85837,6,12
45046,6,9
55351,1,44
44999,9,18
45452,13,28
37367,3,41
8243,9,8
99353,2,35
4626,10,1
83831,6,19
48836,8,39
68264,8,19
63117,14,37
29549,11,25
23655,1,38
13802,1,36
78357,7,39
53472,3,37
58685,13,33
29489,15,31
43472,1,47
62300,13,35
30118,2,24
40003,2,44
89374,5,46
51885,5,11
69936,11,33
80291,3,43
99506,11,45
89694,5,7
15395,13,30
38969,1,21
68378,14,33
73921,10,11
9379,2,43
55090,15,34
25289,10,13
96343,14,50
72898,4,44
31858,4,45
38655,12,29
38902,12,49
65083,5,13
75084,1,2
86988,7,31
47012,15,2
89779,6,37
81137,1,36
34777,15,14
12666,7,12
22674,14,16
39894,4,12
7078,12,41
87107,1,6
48959,5,17
32053,10,44
56374,13,11
68791,1,12
60470,7,8
27270,14,25
98832,14,41
723,10,33
78982,9,19
3906,11,19
7902,6,42
28166,9,20
50186,15,25
84013,15,6
2024,3,36
45544,13,41
10495,7,18
5119,4,8
97326,13,14
89146,8,20
42796,3,13
18994,13,2
55543,2,9
14194,11,9
48706,1,33
71457,3,47
35136,11,30
23655,14,7
88833,15,38
95118,5,6
10421,1,5
41903,7,48
40394,14,29
95450,6,1
97243,9,26
16417,7,37
53743,13,16
66882,15,31
83831,11,31
52435,6,14
91211,1,46
55532,13,14
95765,8,6
22296,11,28
90068,14,45
51317,7,42
81955,10,24
21539,14,16
9379,1,15
14392,8,37
78005,7,47
11383,13,31
56069,12,6
75130,9,37
1585,4,42
60387,13,36
71305,6,17
96537,8,28
68446,11,42
22853,4,50
74037,4,23
71222,3,7
93034,11,18
77930,4,1
91283,4,2
22207,10,50
94398,5,11
27523,10,37
67431,14,3
5148,2,46
30966,11,3
94009,7,30
57444,9,45
27236,2,3
69402,5,31
81661,4,18
95544,12,22
25111,15,47
31227,11,21
7412,9,30
38694,15,45
57944,2,49
70757,14,37
57667,13,31
81373,9,2
81112,3,22
94882,7,48
95903,4,44
49872,15,22
19024,12,32
84401,10,31
43915,11,25
17920,11,44
99465,13,48
65753,9,50
74850,10,12
19782,13,25
34202,11,48
25164,6,33
12243,2,14
33306,15,19
24679,11,3
45544,15,9
68970,14,11
76070,3,46
73488,10,18
84667,10,33
63380,6,25
26833,11,26
89448,14,30
68337,7,32
8696,11,12
39580,3,43
97639,6,14
11422,5,9
48413,14,42
45452,14,32
55639,11,3
28331,5,8
65801,6,16
40309,8,3
56790,12,5
74709,5,11
92255,14,18
75968,7,6
90079,10,27
83369,13,30
25963,9,1
84667,8,35
81744,6,39
88196,13,3
81484,9,3
37002,12,32
88833,4,27
57763,9,1
79069,12,32
67173,8,21
86441,9,19
84356,8,4
7480,11,41
31219,4,2
61789,4,44
60151,7,48
28425,13,47
7624,3,3
51275,14,12
6288,10,22
30966,8,19
95024,8,8
19568,12,1
52171,15,33
98536,14,26
51317,12,46
32918,4,45
82007,10,4
27901,12,9
7506,15,43
82517,8,22
72740,7,22
90079,1,34
68819,3,30
68264,13,8
77856,2,13
97860,9,33
13630,12,16
97368,6,2
59752,2,5
6268,13,50
44881,1,14
10801,2,2
34768,14,12
13134,4,6
54728,2,19
52488,11,47
63796,11,27
77172,1,35
66948,4,24
86016,11,25
8563,3,32
74850,2,36
15891,15,34
24475,12,39
22296,8,39
89978,2,41
40234,15,37
70003,9,50
14626,9,3
3616,10,1
44181,14,5
87261,4,5
89830,12,9
42812,12,7
41571,4,22
81999,4,11
76247,12,6
84356,5,19
4209,4,10
43294,5,48
10860,15,24
43008,5,46
14626,6,9
86356,12,38
23116,11,25
6516,14,31
94065,13,14
91833,15,7
94398,13,36
73977,15,8
26273,4,8
27549,3,15
41210,3,43
52488,10,13
33973,2,44
87694,4,6
15556,13,24
83359,14,4
79371,3,44
40552,8,40
58745,9,12
84624,3,6
11782,14,42
52171,5,3
98133,5,7
72261,4,39
44088,7,8
19349,13,25
53892,5,48
48462,13,35
2811,15,12
90013,12,18
57239,15,7
86412,2,47
10663,14,50
16001,1,15
35916,4,4
93498,6,39
69611,4,20
65083,8,15
78093,6,12
59316,11,46
93534,3,43
96652,5,24
69731,13,33
47364,10,19
99574,14,32
42523,9,37
24806,7,30
46230,11,19
22507,3,49
17423,3,19
50164,9,9
81949,9,46
91333,7,15
8917,4,24
40333,4,13
87903,6,31
79904,6,46
89120,12,24
55471,1,11
55367,11,49
14041,13,25
4145,3,21
40223,8,38
86765,2,13
47129,2,13
48749,5,5
14392,1,22
20109,9,23
22263,8,46
844,1,39
66724,10,16
11419,3,1
32154,11,50
33019,15,10
2344,13,19
71817,13,27
91950,1,29
88402,8,16
9081,2,14
79232,14,46
76140,7,45
71495,7,9
13134,14,42
90148,9,31
58562,8,23
67621,2,38
86167,5,28
95006,9,1
46195,8,35
54032,9,39
56992,9,37
30292,9,48
14961,11,15
74709,9,6
18741,15,13
12662,10,10
75553,8,38
28801,11,38
91283,1,22
4908,7,29
48769,2,22
35771,8,40
75084,4,33
3984,15,35
64961,15,49
11207,10,27
13747,5,32
9138,13,47
21398,15,32
64664,15,3
26803,6,41
62432,5,27
33101,10,33
23611,7,18
15639,13,45
22938,2,15
19782,2,29
6849,2,50
49402,6,26
25811,10,42
69809,12,26
73348,15,4
48187,7,29
72747,10,25
33479,15,12
42737,9,14
84162,12,50
53704,7,12
82007,5,23
6849,3,50
8441,10,45
77189,1,6
12568,4,28
14392,11,9
65071,12,27
34202,6,28
27518,11,4
11215,5,20
52444,9,42
52449,4,14
58133,5,43
40914,13,41
91189,5,16
62482,6,33
30610,6,34
52878,14,25
34030,15,42
88731,3,47
71974,12,38
93308,2,7
69916,9,11
33591,15,19
3616,12,6
54047,12,20
49578,6,23
18839,3,7
73977,7,35
72271,9,13
13769,5,10
15891,12,45
74850,1,15
80134,6,20
26566,9,10
28851,11,18
58265,8,21
10046,11,4
64896,4,10
93534,1,32
4945,14,2
91646,4,49
80614,6,40
62482,15,24
27814,1,23
81158,6,40
97187,12,44
61736,5,34
92872,2,33
7558,5,39
32260,10,32
1095,9,44
10495,4,2
37552,13,5
68231,3,31
37488,2,31
36992,13,11
51611,6,38
8917,1,37
77626,1,20
48835,13,18
44574,11,44
83092,4,26
71024,5,21
16953,15,4
15395,12,25
99381,10,29
43731,10,1
91833,14,41
46026,9,34
31230,6,8
25963,14,33
45342,11,19
72626,11,36
50406,2,26
48835,15,49
31600,4,33
52385,3,26
42323,12,17
72740,13,50
76070,14,34
48879,5,38
38902,5,18
59246,1,18
21518,1,33
31517,13,50
30253,11,4
29489,5,14
47816,6,45
13300,1,35
66730,11,33
22865,10,28
9558,6,23
33221,12,11
44778,5,43
6451,4,11
34525,4,34
42737,3,39
55964,4,20
18031,2,10
19568,10,15
11283,2,16
53827,7,4
54534,13,26
965,8,38
80064,1,41
30974,14,26
77269,6,28
20087,15,36
52444,13,18
23310,10,12
40387,14,14
60576,9,50
34678,5,10
63279,11,44
65403,15,2
90298,5,47
3493,7,13
11422,9,9
88567,3,17
51611,9,44
84517,15,8
73331,4,4
94733,10,16
65005,10,44
84842,11,30
97791,2,47
55050,6,44
44536,7,6
70705,1,20
19926,10,35
8243,6,46
82062,11,44
75387,3,11
45010,14,3
68970,9,17
84211,6,7
40714,14,22
65982,3,36
64165,3,21
71233,15,35
70542,6,49
47379,14,47
83785,11,21
43484,14,37
92337,1,42
75360,10,7
14624,6,8
69737,8,29
39083,11,6
40013,7,49
44496,14,34
46678,9,26
15619,5,21
26274,3,2
26995,8,49
87587,3,31
35609,7,23
17476,1,42
75540,3,26
70699,1,17
1828,8,22
47169,13,8
85153,1,7
61745,9,36
91131,11,34
60779,3,50
67818,14,36
32170,10,28
39693,4,49
43029,1,8
77826,4,41
26871,6,35
96652,14,47
14151,10,11
69809,10,3
48879,15,46
5286,2,31
14516,6,26
49712,15,21
93034,7,12
60470,10,45
57842,4,49
73251,13,36
17514,15,44
33201,10,8
61819,3,15
20371,1,33
14230,1,12
20673,11,12
22159,1,18
59518,2,8
43781,14,49
35136,7,18
21033,12,24
45883,6,19
21661,14,40
42812,2,23
80942,5,12
51712,13,47
22305,12,35
70846,15,4
32932,6,4
4687,13,27
82663,4,5
9633,13,44
56203,7,1
24052,15,44
57013,6,17
41932,1,27
85053,12,16
59484,9,5
60158,15,27
91401,1,27
83399,7,41
7833,8,12
48396,4,22
74805,3,36
36759,7,5
81056,15,48
95246,13,23
4365,4,41
18520,14,19
44480,8,31
45346,13,21
81615,13,13
93632,14,27
86599,8,21
87252,6,36
90258,8,44
22794,3,41
38694,12,31
71024,10,32
11383,5,1
13935,15,36
74850,5,10
51378,5,16
5351,14,38
54754,7,17
88576,2,24
63559,9,13
44381,1,50
26989,6,48
28192,8,9
97944,1,49
81569,15,8
61220,1,3
88833,2,17
53704,12,32
56204,12,10
13802,7,41
88192,5,29
50737,2,42
5150,5,10
28192,10,7
45908,8,36
65753,14,18
10207,4,10
4365,7,3
33549,3,18
68225,8,26
95227,13,38
5877,10,7
89978,15,12
53430,3,41
39428,3,18
75351,13,1
90771,4,50
76578,1,26
86016,6,43
23356,6,12
23172,2,28
14230,7,2
84589,1,38
85423,5,37
30763,4,30
71974,2,11
14837,15,11
76033,1,41
24911,9,49
22481,7,33
56744,15,29
74709,11,13
94871,15,5
3616,4,13
83729,2,41
38167,12,1
50406,10,15
69809,9,46
31727,9,25
64896,6,38
11176,13,37
39252,13,11
28874,14,50
105,15,35
86565,15,16
25907,2,2
5490,10,13
98382,7,50
17198,10,16
32260,12,50
28801,9,36
85590,13,38
42960,2,42
50238,13,21
95175,2,4
69574,9,45
37243,3,10
77051,3,14
95765,2,33
58306,4,21
39438,12,14
32143,4,8
95246,2,45
7619,5,9
16790,3,40
97756,1,28
2869,14,12
34000,10,18
79726,12,15
64961,4,36
40634,2,16
62854,3,19
11176,15,7
30242,15,23
23394,15,19
65281,2,1
65991,8,17
6934,1,31
18828,1,12
14626,1,34
38180,13,3
75749,9,20
53116,11,49
21001,15,32
40561,4,42
10486,4,50
37202,15,29
65372,8,29
65068,5,44
24378,10,30
61562,3,12
21398,9,33
90307,1,50
93766,15,14
17972,5,17
39286,4,32
70248,13,22
39101,15,44
46476,9,43
43731,12,17
64236,13,50
88144,5,12
10751,11,23
63240,11,23
35771,2,32
30026,7,35
52657,12,41
31043,12,47
5614,1,40
42567,12,10
43029,9,41
58022,4,46
46656,9,20
49876,15,41
65083,7,32
66841,3,2
57794,13,12
59841,13,9
26225,10,27
75535,5,22
18648,6,11
55367,14,19
70542,7,37
94652,8,13
9149,8,16
46546,5,35
85867,3,27
66664,15,19
40160,11,23
60470,6,37
72898,6,5
85837,5,44
31227,2,40
96223,13,26
93877,13,36
45306,8,32
29322,12,26
32932,3,40
18364,12,37
184,3,48
65403,12,11
67674,7,23
19354,9,3
77826,14,13
56069,5,21
12574,2,9
5139,2,9
1580,12,16
8105,9,4
3559,10,50
97673,3,23
68807,5,46
66072,12,4
42034,10,16
